1764623316623,374,Get All Flights ,200,OK,Thread Group -100 1-53,text,true,,2653,208,90,124,http://localhost:9000/flight/api/flight/getAllFlights,211,0,6
1764623316527,661,Get All Flights ,200,OK,Thread Group -100 1-44,text,true,,2653,208,100,144,http://localhost:9000/flight/api/flight/getAllFlights,457,0,65
1764623316836,351,Get All Flights ,200,OK,Thread Group -100 1-74,text,true,,2659,208,100,144,http://localhost:9000/flight/api/flight/getAllFlights,350,0,4
1764623316942,241,Get All Flights ,200,OK,Thread Group -100 1-85,text,true,,2653,208,100,144,http://localhost:9000/flight/api/flight/getAllFlights,190,0,9
1764623316496,685,Get All Flights ,200,OK,Thread Group -100 1-41,text,true,,2653,208,100,144,http://localhost:9000/flight/api/flight/getAllFlights,660,0,104
1764623316606,596,Get All Flights ,200,OK,Thread Group -100 1-52,text,true,,2653,208,100,145,http://localhost:9000/flight/api/flight/getAllFlights,378,0,15
1764623316976,203,Get All Flights ,200,OK,Thread Group -100 1-89,text,true,,2653,208,100,144,http://localhost:9000/flight/api/flight/getAllFlights,203,0,3
1764623316446,733,Get All Flights ,200,OK,Thread Group -100 1-32,text,true,,2653,208,100,144,http://localhost:9000/flight/api/flight/getAllFlights,410,0,149
1764623316473,705,Get All Flights ,200,OK,Thread Group -100 1-39,text,true,,2653,208,100,144,http://localhost:9000/flight/api/flight/getAllFlights,362,0,129
1764623316454,560,Get All Flights ,200,OK,Thread Group -100 1-24,text,true,,2653,208,93,129,http://localhost:9000/flight/api/flight/getAllFlights,483,0,141
1764623316455,720,Get All Flights ,200,OK,Thread Group -100 1-37,text,true,,2653,208,100,144,http://localhost:9000/flight/api/flight/getAllFlights,381,0,151
1764623316731,494,Get All Flights ,200,OK,Thread Group -100 1-60,text,true,,2658,208,100,146,http://localhost:9000/flight/api/flight/getAllFlights,423,0,38
1764623316446,723,Get All Flights ,200,OK,Thread Group -100 1-12,text,true,,2653,208,100,144,http://localhost:9000/flight/api/flight/getAllFlights,406,0,156
1764623316777,453,Get All Flights ,200,OK,Thread Group -100 1-64,text,true,,2658,208,100,147,http://localhost:9000/flight/api/flight/getAllFlights,422,0,29
1764623316824,406,Get All Flights ,200,OK,Thread Group -100 1-73,text,true,,2658,208,100,147,http://localhost:9000/flight/api/flight/getAllFlights,293,0,5
1764623316462,707,Get All Flights ,200,OK,Thread Group -100 1-23,text,true,,2653,208,100,144,http://localhost:9000/flight/api/flight/getAllFlights,389,0,142
1764623316446,719,Get All Flights ,200,OK,Thread Group -100 1-21,text,true,,2653,208,100,143,http://localhost:9000/flight/api/flight/getAllFlights,405,0,151
1764623316454,710,Get All Flights ,200,OK,Thread Group -100 1-28,text,true,,2658,208,100,143,http://localhost:9000/flight/api/flight/getAllFlights,400,0,140
1764623316445,806,Get All Flights ,200,OK,Thread Group -100 1-36,text,true,,2653,208,100,148,http://localhost:9000/flight/api/flight/getAllFlights,746,0,149
1764623316585,578,Get All Flights ,200,OK,Thread Group -100 1-50,text,true,,2653,208,100,143,http://localhost:9000/flight/api/flight/getAllFlights,266,0,30
1764623316874,381,Get All Flights ,200,OK,Thread Group -100 1-76,text,true,,2653,208,100,148,http://localhost:9000/flight/api/flight/getAllFlights,347,0,19
1764623316453,801,Get All Flights ,200,OK,Thread Group -100 1-20,text,true,,2658,208,100,148,http://localhost:9000/flight/api/flight/getAllFlights,792,0,140
1764623316795,461,Get All Flights ,200,OK,Thread Group -100 1-69,text,true,,2653,208,100,148,http://localhost:9000/flight/api/flight/getAllFlights,452,0,17
1764623316839,417,Get All Flights ,200,OK,Thread Group -100 1-75,text,true,,2653,208,100,148,http://localhost:9000/flight/api/flight/getAllFlights,372,0,6
1764623316446,711,Get All Flights ,200,OK,Thread Group -100 1-11,text,true,,2658,208,100,143,http://localhost:9000/flight/api/flight/getAllFlights,390,0,150
1764623316601,546,Get All Flights ,200,OK,Thread Group -100 1-51,text,true,,2653,208,100,143,http://localhost:9000/flight/api/flight/getAllFlights,237,0,10
1764623316901,363,Get All Flights ,200,OK,Thread Group -100 1-77,text,true,,2653,208,100,149,http://localhost:9000/flight/api/flight/getAllFlights,344,0,10
1764623316663,605,Get All Flights ,200,OK,Thread Group -100 1-57,text,true,,2653,208,100,149,http://localhost:9000/flight/api/flight/getAllFlights,580,0,11
1764623316803,466,Get All Flights ,200,OK,Thread Group -100 1-70,text,true,,2653,208,100,149,http://localhost:9000/flight/api/flight/getAllFlights,462,0,18
1764623316708,447,Get All Flights ,200,OK,Thread Group -100 1-61,text,true,,2653,208,100,143,http://localhost:9000/flight/api/flight/getAllFlights,412,0,3
1764623316446,707,Get All Flights ,200,OK,Thread Group -100 1-35,text,true,,2653,208,100,143,http://localhost:9000/flight/api/flight/getAllFlights,640,0,149
1764623316575,577,Get All Flights ,200,OK,Thread Group -100 1-49,text,true,,2653,208,100,143,http://localhost:9000/flight/api/flight/getAllFlights,262,0,18
1764623316808,342,Get All Flights ,200,OK,Thread Group -100 1-72,text,true,,2653,208,100,142,http://localhost:9000/flight/api/flight/getAllFlights,340,0,10
1764623316454,694,Get All Flights ,200,OK,Thread Group -100 1-31,text,true,,2653,208,100,142,http://localhost:9000/flight/api/flight/getAllFlights,523,0,142
1764623316454,693,Get All Flights ,200,OK,Thread Group -100 1-9,text,true,,2653,208,100,142,http://localhost:9000/flight/api/flight/getAllFlights,381,0,141
1764623316454,695,Get All Flights ,200,OK,Thread Group -100 1-25,text,true,,2653,208,100,142,http://localhost:9000/flight/api/flight/getAllFlights,383,0,144
1764623316893,398,Get All Flights ,200,OK,Thread Group -100 1-80,text,true,,2653,208,100,150,http://localhost:9000/flight/api/flight/getAllFlights,384,0,5
1764623316443,704,Get All Flights ,200,OK,Thread Group -100 1-14,text,true,,2653,208,100,142,http://localhost:9000/flight/api/flight/getAllFlights,404,0,149
1764623316708,437,Get All Flights ,200,OK,Thread Group -100 1-62,text,true,,2653,208,100,142,http://localhost:9000/flight/api/flight/getAllFlights,360,0,22
1764623316453,691,Get All Flights ,200,OK,Thread Group -100 1-34,text,true,,2653,208,100,142,http://localhost:9000/flight/api/flight/getAllFlights,405,0,159
1764623316446,698,Get All Flights ,200,OK,Thread Group -100 1-22,text,true,,2653,208,100,142,http://localhost:9000/flight/api/flight/getAllFlights,526,0,152
1764623316465,675,Get All Flights ,200,OK,Thread Group -100 1-38,text,true,,2653,208,100,141,http://localhost:9000/flight/api/flight/getAllFlights,507,0,128
1764623316807,331,Get All Flights ,200,OK,Thread Group -100 1-71,text,true,,2653,208,100,141,http://localhost:9000/flight/api/flight/getAllFlights,263,0,4
1764623316449,688,Get All Flights ,200,OK,Thread Group -100 1-15,text,true,,2653,208,100,141,http://localhost:9000/flight/api/flight/getAllFlights,519,0,149
1764623316462,677,Get All Flights ,200,OK,Thread Group -100 1-29,text,true,,2659,208,100,141,http://localhost:9000/flight/api/flight/getAllFlights,509,0,131
1764623316446,691,Get All Flights ,200,OK,Thread Group -100 1-1,text,true,,2653,208,100,141,http://localhost:9000/flight/api/flight/getAllFlights,524,0,152
1764623316440,696,Get All Flights ,200,OK,Thread Group -100 1-8,text,true,,2659,208,100,141,http://localhost:9000/flight/api/flight/getAllFlights,418,0,153
1764623316565,570,Get All Flights ,200,OK,Thread Group -100 1-48,text,true,,2653,208,100,141,http://localhost:9000/flight/api/flight/getAllFlights,301,0,30
1764623316441,693,Get All Flights ,200,OK,Thread Group -100 1-4,text,true,,2653,208,100,141,http://localhost:9000/flight/api/flight/getAllFlights,526,0,169
1764623316536,597,Get All Flights ,200,OK,Thread Group -100 1-45,text,true,,2653,208,100,141,http://localhost:9000/flight/api/flight/getAllFlights,330,0,56
1764623316626,504,Get All Flights ,200,OK,Thread Group -100 1-54,text,true,,2653,208,100,141,http://localhost:9000/flight/api/flight/getAllFlights,244,0,2
1764623316454,675,Get All Flights ,200,OK,Thread Group -100 1-6,text,true,,2653,208,100,141,http://localhost:9000/flight/api/flight/getAllFlights,413,0,159
1764623316443,684,Get All Flights ,200,OK,Thread Group -100 1-33,text,true,,2653,208,100,141,http://localhost:9000/flight/api/flight/getAllFlights,417,0,156
1764623316955,410,Get All Flights ,200,OK,Thread Group -100 1-83,text,true,,2653,208,100,150,http://localhost:9000/flight/api/flight/getAllFlights,406,0,28
1764623316444,682,Get All Flights ,200,OK,Thread Group -100 1-16,text,true,,2653,208,100,141,http://localhost:9000/flight/api/flight/getAllFlights,414,0,152
1764623316446,679,Get All Flights ,200,OK,Thread Group -100 1-13,text,true,,2653,208,100,141,http://localhost:9000/flight/api/flight/getAllFlights,428,0,153
1764623316751,366,Get All Flights ,200,OK,Thread Group -100 1-65,text,true,,2653,208,100,141,http://localhost:9000/flight/api/flight/getAllFlights,313,0,16
1764623316440,676,Get All Flights ,200,OK,Thread Group -100 1-17,text,true,,2653,208,100,141,http://localhost:9000/flight/api/flight/getAllFlights,450,0,160
1764623316749,365,Get All Flights ,200,OK,Thread Group -100 1-66,text,true,,2658,208,100,141,http://localhost:9000/flight/api/flight/getAllFlights,305,0,7
1764623316506,606,Get All Flights ,200,OK,Thread Group -100 1-42,text,true,,2658,208,100,140,http://localhost:9000/flight/api/flight/getAllFlights,571,0,104
1764623316446,649,Get All Flights ,200,OK,Thread Group -100 1-10,text,true,,2653,208,99,138,http://localhost:9000/flight/api/flight/getAllFlights,470,0,170
1764623316490,613,Get All Flights ,200,OK,Thread Group -100 1-40,text,true,,2653,208,100,140,http://localhost:9000/flight/api/flight/getAllFlights,412,0,110
1764623316770,328,Get All Flights ,200,OK,Thread Group -100 1-68,text,true,,2653,208,100,139,http://localhost:9000/flight/api/flight/getAllFlights,297,0,5
1764623317009,412,Get All Flights ,200,OK,Thread Group -100 1-92,text,true,,2653,208,100,150,http://localhost:9000/flight/api/flight/getAllFlights,412,0,9
1764623316440,658,Get All Flights ,200,OK,Thread Group -100 1-19,text,true,,2653,208,100,139,http://localhost:9000/flight/api/flight/getAllFlights,475,0,153
1764623316968,467,Get All Flights ,200,OK,Thread Group -100 1-84,text,true,,2653,208,100,150,http://localhost:9000/flight/api/flight/getAllFlights,448,0,3
1764623317006,445,Get All Flights ,200,OK,Thread Group -100 1-87,text,true,,2653,208,100,150,http://localhost:9000/flight/api/flight/getAllFlights,413,0,2
1764623316945,515,Get All Flights ,200,OK,Thread Group -100 1-82,text,true,,2653,208,100,150,http://localhost:9000/flight/api/flight/getAllFlights,493,0,20
1764623316920,550,Get All Flights ,200,OK,Thread Group -100 1-81,text,true,,2653,208,100,150,http://localhost:9000/flight/api/flight/getAllFlights,494,0,29
1764623316518,579,Get All Flights ,200,OK,Thread Group -100 1-43,text,true,,2653,208,100,139,http://localhost:9000/flight/api/flight/getAllFlights,389,0,75
1764623317083,391,Get All Flights ,200,OK,Thread Group -100 1-99,text,true,,2653,208,100,150,http://localhost:9000/flight/api/flight/getAllFlights,356,0,2
1764623316971,504,Get All Flights ,200,OK,Thread Group -100 1-86,text,true,,2653,208,100,150,http://localhost:9000/flight/api/flight/getAllFlights,457,0,14
1764623317018,461,Get All Flights ,200,OK,Thread Group -100 1-93,text,true,,2658,208,100,150,http://localhost:9000/flight/api/flight/getAllFlights,441,0,5
1764623317028,452,Get All Flights ,200,OK,Thread Group -100 1-91,text,true,,2653,208,100,150,http://localhost:9000/flight/api/flight/getAllFlights,433,0,11
1764623316555,541,Get All Flights ,200,OK,Thread Group -100 1-47,text,true,,2658,208,100,139,http://localhost:9000/flight/api/flight/getAllFlights,354,0,52
1764623316447,640,Get All Flights ,200,OK,Thread Group -100 1-2,text,true,,2653,208,99,138,http://localhost:9000/flight/api/flight/getAllFlights,622,0,145
1764623316685,400,Get All Flights ,200,OK,Thread Group -100 1-59,text,true,,2653,208,99,138,http://localhost:9000/flight/api/flight/getAllFlights,232,0,10
1764623316454,630,Get All Flights ,200,OK,Thread Group -100 1-30,text,true,,2653,208,99,138,http://localhost:9000/flight/api/flight/getAllFlights,588,0,144
1764623316461,615,Get All Flights ,200,OK,Thread Group -100 1-3,text,true,,2653,208,99,137,http://localhost:9000/flight/api/flight/getAllFlights,457,0,141
1764623317042,474,Get All Flights ,200,OK,Thread Group -100 1-95,text,true,,2653,208,100,150,http://localhost:9000/flight/api/flight/getAllFlights,472,0,3
1764623316452,609,Get All Flights ,200,OK,Thread Group -100 1-18,text,true,,2658,208,97,135,http://localhost:9000/flight/api/flight/getAllFlights,470,0,140
1764623316764,235,Get All Flights ,200,OK,Thread Group -100 1-67,text,true,,2653,208,90,124,http://localhost:9000/flight/api/flight/getAllFlights,200,0,7
1764623316648,386,Get All Flights ,200,OK,Thread Group -100 1-55,text,true,,2659,208,94,131,http://localhost:9000/flight/api/flight/getAllFlights,318,0,4
1764623316454,561,Get All Flights ,200,OK,Thread Group -100 1-26,text,true,,2659,208,93,129,http://localhost:9000/flight/api/flight/getAllFlights,561,0,144
1764623316440,589,Get All Flights ,200,OK,Thread Group -100 1-27,text,true,,2659,208,94,131,http://localhost:9000/flight/api/flight/getAllFlights,490,0,162
1764623316545,468,Get All Flights ,200,OK,Thread Group -100 1-46,text,true,,2653,208,93,129,http://localhost:9000/flight/api/flight/getAllFlights,414,0,51
1764623316679,363,Get All Flights ,200,OK,Thread Group -100 1-58,text,true,,2658,208,95,133,http://localhost:9000/flight/api/flight/getAllFlights,243,0,10
1764623316671,335,Get All Flights ,200,OK,Thread Group -100 1-56,text,true,,2658,208,91,127,http://localhost:9000/flight/api/flight/getAllFlights,293,0,9
1764623316744,299,Get All Flights ,200,OK,Thread Group -100 1-63,text,true,,2653,208,95,133,http://localhost:9000/flight/api/flight/getAllFlights,298,0,38
1764623316449,587,Get All Flights ,200,OK,Thread Group -100 1-5,text,true,,2653,208,94,131,http://localhost:9000/flight/api/flight/getAllFlights,477,0,156
1764623316462,586,Get All Flights ,200,OK,Thread Group -100 1-7,text,true,,2659,208,96,134,http://localhost:9000/flight/api/flight/getAllFlights,460,0,138
1764623316896,639,Get All Flights ,200,OK,Thread Group -100 1-78,text,true,,2653,208,100,150,http://localhost:9000/flight/api/flight/getAllFlights,611,0,29
1764623316971,567,Get All Flights ,200,OK,Thread Group -100 1-88,text,true,,2653,208,100,150,http://localhost:9000/flight/api/flight/getAllFlights,253,0,12
1764623316890,686,Get All Flights ,200,OK,Thread Group -100 1-79,text,true,,2658,208,100,150,http://localhost:9000/flight/api/flight/getAllFlights,348,0,5
1764623317068,539,Get All Flights ,200,OK,Thread Group -100 1-97,text,true,,2653,208,100,150,http://localhost:9000/flight/api/flight/getAllFlights,480,0,11
1764623317058,554,Get All Flights ,200,OK,Thread Group -100 1-96,text,true,,2653,208,100,150,http://localhost:9000/flight/api/flight/getAllFlights,482,0,6
1764623317083,540,Get All Flights ,200,OK,Thread Group -100 1-98,text,true,,2653,208,100,150,http://localhost:9000/flight/api/flight/getAllFlights,514,0,2
1764623317065,565,Get All Flights ,200,OK,Thread Group -100 1-94,text,true,,2653,208,100,150,http://localhost:9000/flight/api/flight/getAllFlights,532,0,36
1764623317260,386,Get All Airlines,200,OK,Thread Group -100 1-11,text,true,,2659,208,100,150,http://localhost:9000/flight/api/flight/getAllFlights,386,0,0
1764623317283,363,Get All Airlines,200,OK,Thread Group -100 1-31,text,true,,2658,208,100,150,http://localhost:9000/flight/api/flight/getAllFlights,363,0,0
1764623317381,295,Get All Airlines,200,OK,Thread Group -100 1-17,text,true,,2653,208,100,150,http://localhost:9000/flight/api/flight/getAllFlights,245,0,0
1764623317405,272,Get All Airlines,200,OK,Thread Group -100 1-10,text,true,,2653,208,100,150,http://localhost:9000/flight/api/flight/getAllFlights,271,0,0
1764623317452,245,Get All Airlines,200,OK,Thread Group -100 1-87,text,true,,2653,208,100,150,http://localhost:9000/flight/api/flight/getAllFlights,224,0,0
1764623317240,467,Get All Airlines,200,OK,Thread Group -100 1-21,text,true,,2659,208,100,150,http://localhost:9000/flight/api/flight/getAllFlights,456,0,0
1764623317356,352,Get All Airlines,200,OK,Thread Group -100 1-6,text,true,,2659,208,100,150,http://localhost:9000/flight/api/flight/getAllFlights,341,0,0
1764623317367,342,Get All Airlines,200,OK,Thread Group -100 1-16,text,true,,2653,208,100,150,http://localhost:9000/flight/api/flight/getAllFlights,262,0,0
1764623317195,516,Get All Airlines,200,OK,Thread Group -100 1-74,text,true,,2653,208,100,150,http://localhost:9000/flight/api/flight/getAllFlights,488,0,0
1764623317203,509,Get All Airlines,200,OK,Thread Group -100 1-52,text,true,,2653,208,100,150,http://localhost:9000/flight/api/flight/getAllFlights,390,0,0
1764623317256,453,Get All Airlines,200,OK,Thread Group -100 1-76,text,true,,2659,208,100,150,http://localhost:9000/flight/api/flight/getAllFlights,451,0,0
1764623317288,429,Get All Airlines,200,OK,Thread Group -100 1-9,text,true,,2659,208,100,150,http://localhost:9000/flight/api/flight/getAllFlights,413,0,0
1764623317270,452,Get All Airlines,200,OK,Thread Group -100 1-70,text,true,,2659,208,100,150,http://localhost:9000/flight/api/flight/getAllFlights,451,0,0
1764623317205,517,Get All Airlines,200,OK,Thread Group -100 1-89,text,true,,2653,208,100,150,http://localhost:9000/flight/api/flight/getAllFlights,517,0,0
1764623317476,247,Get All Airlines,200,OK,Thread Group -100 1-99,text,true,,2658,208,100,150,http://localhost:9000/flight/api/flight/getAllFlights,246,0,0
1764623317318,405,Get All Airlines,200,OK,Thread Group -100 1-71,text,true,,2659,208,100,150,http://localhost:9000/flight/api/flight/getAllFlights,405,0,0
1764623317510,215,Get All Airlines,200,OK,Thread Group -100 1-30,text,true,,2659,208,100,150,http://localhost:9000/flight/api/flight/getAllFlights,174,0,0
1764623317227,518,Get All Airlines,200,OK,Thread Group -100 1-12,text,true,,2653,208,100,150,http://localhost:9000/flight/api/flight/getAllFlights,493,0,0
1764623317253,493,Get All Airlines,200,OK,Thread Group -100 1-36,text,true,,2659,208,100,150,http://localhost:9000/flight/api/flight/getAllFlights,493,0,0
1764623317342,405,Get All Airlines,200,OK,Thread Group -100 1-45,text,true,,2653,208,100,150,http://localhost:9000/flight/api/flight/getAllFlights,368,0,0
1764623317378,374,Get All Airlines,200,OK,Thread Group -100 1-65,text,true,,2653,208,100,150,http://localhost:9000/flight/api/flight/getAllFlights,348,0,0
1764623317008,745,Get All Flights ,200,OK,Thread Group -100 1-90,text,true,,2653,208,100,150,http://localhost:9000/flight/api/flight/getAllFlights,707,0,71
1764623317150,613,Get All Flights ,200,OK,Thread Group -100 1-100,text,true,,2653,208,100,150,http://localhost:9000/flight/api/flight/getAllFlights,613,0,32
1764623317194,575,Get All Airlines,200,OK,Thread Group -100 1-53,text,true,,2653,208,100,150,http://localhost:9000/flight/api/flight/getAllFlights,556,0,0
1764623317392,381,Get All Airlines,200,OK,Thread Group -100 1-42,text,true,,2653,208,100,150,http://localhost:9000/flight/api/flight/getAllFlights,357,0,0
1764623317232,544,Get All Airlines,200,OK,Thread Group -100 1-73,text,true,,2653,208,100,150,http://localhost:9000/flight/api/flight/getAllFlights,544,0,0
1764623317683,94,Post Book a flight,200,OK,Thread Group -100 1-11,text,true,,224,463,100,150,http://localhost:9000/booking/api/booking/692d7540196ea5545b332bcb,94,0,0
1764623317502,279,Get All Airlines,200,OK,Thread Group -100 1-59,text,true,,2659,208,100,150,http://localhost:9000/flight/api/flight/getAllFlights,278,0,0
1764623317198,588,Get All Airlines,200,OK,Thread Group -100 1-85,text,true,,2653,208,100,150,http://localhost:9000/flight/api/flight/getAllFlights,588,0,0
1764623317472,316,Get All Airlines,200,OK,Thread Group -100 1-81,text,true,,2659,208,100,150,http://localhost:9000/flight/api/flight/getAllFlights,316,0,0
1764623317275,519,Get All Airlines,200,OK,Thread Group -100 1-35,text,true,,2659,208,100,150,http://localhost:9000/flight/api/flight/getAllFlights,504,0,0
1764623317214,592,Get All Airlines,200,OK,Thread Group -100 1-37,text,true,,2653,208,100,150,http://localhost:9000/flight/api/flight/getAllFlights,555,0,0
1764623317303,503,Get All Airlines,200,OK,Thread Group -100 1-62,text,true,,2659,208,100,150,http://localhost:9000/flight/api/flight/getAllFlights,503,0,0
1764623317248,564,Get All Airlines,200,OK,Thread Group -100 1-28,text,true,,2658,208,100,150,http://localhost:9000/flight/api/flight/getAllFlights,564,0,0
1764623317662,164,Post Book a flight,200,OK,Thread Group -100 1-31,text,true,,224,463,100,150,http://localhost:9000/booking/api/booking/692d7540196ea5545b332bcb,164,0,0
1764623317320,515,Get All Airlines,200,OK,Thread Group -100 1-29,text,true,,2658,208,100,150,http://localhost:9000/flight/api/flight/getAllFlights,515,0,0
1764623317322,630,Get All Airlines,200,OK,Thread Group -100 1-8,text,true,,2658,208,100,150,http://localhost:9000/flight/api/flight/getAllFlights,630,0,0
1764623317319,638,Get All Airlines,200,OK,Thread Group -100 1-15,text,true,,2659,208,100,150,http://localhost:9000/flight/api/flight/getAllFlights,638,0,0
1764623317582,379,Get All Airlines,200,OK,Thread Group -100 1-55,text,true,,2653,208,100,150,http://localhost:9000/flight/api/flight/getAllFlights,369,0,0
1764623317306,682,Get All Airlines,200,OK,Thread Group -100 1-34,text,true,,2659,208,100,150,http://localhost:9000/flight/api/flight/getAllFlights,677,0,0
1764623317364,634,Get All Airlines,200,OK,Thread Group -100 1-33,text,true,,2653,208,100,150,http://localhost:9000/flight/api/flight/getAllFlights,469,0,0
1764623317272,737,Get All Airlines,200,OK,Thread Group -100 1-57,text,true,,2659,208,100,150,http://localhost:9000/flight/api/flight/getAllFlights,737,0,0
1764623317233,794,Get All Airlines,200,OK,Thread Group -100 1-23,text,true,,2659,208,100,150,http://localhost:9000/flight/api/flight/getAllFlights,794,0,0
1764623317280,748,Get All Airlines,200,OK,Thread Group -100 1-49,text,true,,2659,208,100,150,http://localhost:9000/flight/api/flight/getAllFlights,747,0,0
1764623317472,564,Get All Airlines,200,OK,Thread Group -100 1-82,text,true,,2659,208,100,150,http://localhost:9000/flight/api/flight/getAllFlights,557,0,0
1764623317272,768,Get All Airlines,200,OK,Thread Group -100 1-61,text,true,,2659,208,100,150,http://localhost:9000/flight/api/flight/getAllFlights,768,0,0
1764623317422,624,Get All Airlines,200,OK,Thread Group -100 1-68,text,true,,2653,208,100,150,http://localhost:9000/flight/api/flight/getAllFlights,601,0,0
1764623317211,842,Get All Airlines,200,OK,Thread Group -100 1-24,text,true,,2653,208,100,150,http://localhost:9000/flight/api/flight/getAllFlights,336,0,0
1764623317255,802,Get All Airlines,200,OK,Thread Group -100 1-50,text,true,,2659,208,100,150,http://localhost:9000/flight/api/flight/getAllFlights,802,0,0
1764623317349,717,Get All Airlines,200,OK,Thread Group -100 1-54,text,true,,2659,208,100,150,http://localhost:9000/flight/api/flight/getAllFlights,717,0,0
1764623317315,753,Get All Airlines,200,OK,Thread Group -100 1-38,text,true,,2658,208,100,150,http://localhost:9000/flight/api/flight/getAllFlights,753,0,0
1764623317542,527,Get All Airlines,200,OK,Thread Group -100 1-88,text,true,,2653,208,100,150,http://localhost:9000/flight/api/flight/getAllFlights,504,0,0
1764623317210,860,Get All Airlines,200,OK,Thread Group -100 1-39,text,true,,2653,208,100,150,http://localhost:9000/flight/api/flight/getAllFlights,595,0,0
1764623317262,813,Get All Airlines,200,OK,Thread Group -100 1-51,text,true,,2659,208,100,150,http://localhost:9000/flight/api/flight/getAllFlights,813,0,0
1764623317288,802,Get All Airlines,200,OK,Thread Group -100 1-25,text,true,,2659,208,100,150,http://localhost:9000/flight/api/flight/getAllFlights,802,0,0
1764623317191,900,Get All Airlines,200,OK,Thread Group -100 1-44,text,true,,2659,208,100,150,http://localhost:9000/flight/api/flight/getAllFlights,900,0,0
1764623317437,655,Get All Airlines,200,OK,Thread Group -100 1-84,text,true,,2659,208,100,150,http://localhost:9000/flight/api/flight/getAllFlights,654,0,0
1764623317374,720,Get All Airlines,200,OK,Thread Group -100 1-13,text,true,,2658,208,100,150,http://localhost:9000/flight/api/flight/getAllFlights,438,0,0
1764623317327,769,Get All Airlines,200,OK,Thread Group -100 1-48,text,true,,2659,208,100,150,http://localhost:9000/flight/api/flight/getAllFlights,769,0,0
1764623317578,527,Get All Airlines,200,OK,Thread Group -100 1-67,text,true,,2653,208,100,149,http://localhost:9000/flight/api/flight/getAllFlights,515,0,0
1764623318031,79,Post Book a flight,200,OK,Thread Group -100 1-34,text,true,,224,463,100,149,http://localhost:9000/booking/api/booking/692d7540196ea5545b332bcb,79,0,0
1764623317817,294,Post Book a flight,200,OK,Thread Group -100 1-74,text,true,,224,463,100,149,http://localhost:9000/booking/api/booking/692d7540196ea5545b332bcb,294,0,0
1764623317481,640,Get All Airlines,200,OK,Thread Group -100 1-91,text,true,,2653,208,100,149,http://localhost:9000/flight/api/flight/getAllFlights,569,0,0
1764623317257,807,Get All Airlines,200,OK,Thread Group -100 1-69,text,true,,2658,208,100,150,http://localhost:9000/flight/api/flight/getAllFlights,807,0,0
1764623317385,740,Get All Airlines,200,OK,Thread Group -100 1-66,text,true,,2653,208,100,149,http://localhost:9000/flight/api/flight/getAllFlights,740,0,0
1764623317321,818,Get All Airlines,200,OK,Thread Group -100 1-1,text,true,,2659,208,100,149,http://localhost:9000/flight/api/flight/getAllFlights,810,0,0
1764623317758,381,Post Book a flight,200,OK,Thread Group -100 1-87,text,true,,224,463,100,149,http://localhost:9000/booking/api/booking/692d7540196ea5545b332bcb,381,0,0
1764623317951,193,Post Book a flight,200,OK,Thread Group -100 1-70,text,true,,224,463,100,149,http://localhost:9000/booking/api/booking/692d7540196ea5545b332bcb,193,0,0
1764623317693,468,Post Book a flight,200,OK,Thread Group -100 1-17,text,true,,224,463,100,149,http://localhost:9000/booking/api/booking/692d7540196ea5545b332bcb,468,0,0
1764623317292,880,Get All Airlines,200,OK,Thread Group -100 1-80,text,true,,2658,208,100,149,http://localhost:9000/flight/api/flight/getAllFlights,879,0,0
1764623317561,617,Get All Airlines,200,OK,Thread Group -100 1-46,text,true,,2653,208,100,149,http://localhost:9000/flight/api/flight/getAllFlights,533,0,0
1764623317549,629,Get All Airlines,200,OK,Thread Group -100 1-7,text,true,,2653,208,100,149,http://localhost:9000/flight/api/flight/getAllFlights,547,0,0
1764623317478,701,Get All Airlines,200,OK,Thread Group -100 1-86,text,true,,2653,208,100,149,http://localhost:9000/flight/api/flight/getAllFlights,677,0,0
1764623317807,377,Post Book a flight,200,OK,Thread Group -100 1-16,text,true,,224,463,100,149,http://localhost:9000/booking/api/booking/692d7540196ea5545b332bcb,377,0,0
1764623317790,395,Post Book a flight,200,OK,Thread Group -100 1-45,text,true,,224,463,100,149,http://localhost:9000/booking/api/booking/692d7540196ea5545b332bcb,395,0,0
1764623317624,569,Get All Airlines,200,OK,Thread Group -100 1-98,text,true,,2653,208,100,149,http://localhost:9000/flight/api/flight/getAllFlights,508,0,0
1764623317227,969,Get All Airlines,200,OK,Thread Group -100 1-60,text,true,,2658,208,100,149,http://localhost:9000/flight/api/flight/getAllFlights,969,0,0
1764623317281,916,Get All Airlines,200,OK,Thread Group -100 1-72,text,true,,2659,208,100,149,http://localhost:9000/flight/api/flight/getAllFlights,916,0,0
1764623317309,897,Get All Airlines,200,OK,Thread Group -100 1-22,text,true,,2659,208,100,149,http://localhost:9000/flight/api/flight/getAllFlights,897,0,0
1764623317258,950,Get All Airlines,200,OK,Thread Group -100 1-75,text,true,,2659,208,100,149,http://localhost:9000/flight/api/flight/getAllFlights,950,0,0
1764623317296,925,Get All Airlines,200,OK,Thread Group -100 1-14,text,true,,2659,208,100,149,http://localhost:9000/flight/api/flight/getAllFlights,911,0,0
1764623317613,610,Get All Airlines,200,OK,Thread Group -100 1-96,text,true,,2653,208,100,149,http://localhost:9000/flight/api/flight/getAllFlights,575,0,0
1764623317559,675,Get All Airlines,200,OK,Thread Group -100 1-58,text,true,,2653,208,100,148,http://localhost:9000/flight/api/flight/getAllFlights,534,0,0
1764623317412,826,Get All Airlines,200,OK,Thread Group -100 1-40,text,true,,2653,208,100,148,http://localhost:9000/flight/api/flight/getAllFlights,735,0,0
1764623317266,934,Get All Airlines,200,OK,Thread Group -100 1-77,text,true,,2658,208,100,149,http://localhost:9000/flight/api/flight/getAllFlights,906,0,0
1764623317472,774,Get All Airlines,200,OK,Thread Group -100 1-43,text,true,,2653,208,100,148,http://localhost:9000/flight/api/flight/getAllFlights,623,0,0
1764623317367,879,Get All Airlines,200,OK,Thread Group -100 1-83,text,true,,2659,208,100,148,http://localhost:9000/flight/api/flight/getAllFlights,879,0,0
1764623317257,991,Get All Airlines,200,OK,Thread Group -100 1-20,text,true,,2659,208,100,148,http://localhost:9000/flight/api/flight/getAllFlights,990,0,0
1764623317613,637,Get All Airlines,200,OK,Thread Group -100 1-97,text,true,,2653,208,100,148,http://localhost:9000/flight/api/flight/getAllFlights,579,0,0
1764623317484,773,Get All Airlines,200,OK,Thread Group -100 1-2,text,true,,2653,208,100,148,http://localhost:9000/flight/api/flight/getAllFlights,690,0,0
1764623317556,705,Get All Airlines,200,OK,Thread Group -100 1-56,text,true,,2653,208,100,148,http://localhost:9000/flight/api/flight/getAllFlights,613,0,0
1764623317964,291,Post Book a flight,200,OK,Thread Group -100 1-8,text,true,,224,463,100,148,http://localhost:9000/booking/api/booking/692d7540196ea5545b332bcb,291,0,0
1764623317581,683,Get All Airlines,200,OK,Thread Group -100 1-26,text,true,,2653,208,100,148,http://localhost:9000/flight/api/flight/getAllFlights,566,0,0
1764623317203,1061,Get All Airlines,200,OK,Thread Group -100 1-41,text,true,,2653,208,100,148,http://localhost:9000/flight/api/flight/getAllFlights,836,0,0
1764623318178,104,Post Book a flight,200,OK,Thread Group -100 1-88,text,true,,224,463,100,148,http://localhost:9000/booking/api/booking/692d7540196ea5545b332bcb,103,0,0
1764623318002,283,Post Book a flight,200,OK,Thread Group -100 1-55,text,true,,224,463,100,148,http://localhost:9000/booking/api/booking/692d7540196ea5545b332bcb,283,0,0
1764623317800,486,Post Book a flight,200,OK,Thread Group -100 1-6,text,true,,224,463,100,148,http://localhost:9000/booking/api/booking/692d7540196ea5545b332bcb,486,0,0
1764623317569,718,Get All Airlines,200,OK,Thread Group -100 1-27,text,true,,2653,208,100,148,http://localhost:9000/flight/api/flight/getAllFlights,467,0,0
1764623317423,866,Get All Airlines,200,OK,Thread Group -100 1-92,text,true,,2659,208,100,148,http://localhost:9000/flight/api/flight/getAllFlights,865,0,0
1764623317216,1081,Get All Airlines,200,OK,Thread Group -100 1-32,text,true,,2658,208,100,147,http://localhost:9000/flight/api/flight/getAllFlights,1063,0,0
1764623317864,435,Post Book a flight,200,OK,Thread Group -100 1-81,text,true,,224,463,100,147,http://localhost:9000/booking/api/booking/692d7540196ea5545b332bcb,435,0,0
1764623317866,436,Post Book a flight,200,OK,Thread Group -100 1-35,text,true,,224,463,100,147,http://localhost:9000/booking/api/booking/692d7540196ea5545b332bcb,436,0,0
1764623317931,373,Post Book a flight,200,OK,Thread Group -100 1-36,text,true,,224,463,100,147,http://localhost:9000/booking/api/booking/692d7540196ea5545b332bcb,373,0,0
1764623317233,1077,Get All Airlines,200,OK,Thread Group -100 1-64,text,true,,2659,208,100,146,http://localhost:9000/flight/api/flight/getAllFlights,1066,0,0
1764623317554,760,Get All Airlines,200,OK,Thread Group -100 1-5,text,true,,2653,208,100,146,http://localhost:9000/flight/api/flight/getAllFlights,617,0,0
1764623317486,833,Get All Airlines,200,OK,Thread Group -100 1-47,text,true,,2653,208,100,146,http://localhost:9000/flight/api/flight/getAllFlights,609,0,0
1764623318062,259,Post Book a flight,200,OK,Thread Group -100 1-23,text,true,,224,463,100,146,http://localhost:9000/booking/api/booking/692d7540196ea5545b332bcb,259,0,0
1764623317578,757,Get All Airlines,200,OK,Thread Group -100 1-79,text,true,,2653,208,100,146,http://localhost:9000/flight/api/flight/getAllFlights,592,0,0
1764623318250,93,Post Book a flight,200,OK,Thread Group -100 1-75,text,true,,224,463,100,146,http://localhost:9000/booking/api/booking/692d7540196ea5545b332bcb,93,0,0
1764623317480,868,Get All Airlines,200,OK,Thread Group -100 1-93,text,true,,2659,208,100,146,http://localhost:9000/flight/api/flight/getAllFlights,868,0,0
1764623318271,78,Post Book a flight,200,OK,Thread Group -100 1-25,text,true,,224,463,100,146,http://localhost:9000/booking/api/booking/692d7540196ea5545b332bcb,76,0,0
1764623318206,148,Post Book a flight,200,OK,Thread Group -100 1-60,text,true,,224,463,100,146,http://localhost:9000/booking/api/booking/692d7540196ea5545b332bcb,148,0,0
1764623317862,505,Post Book a flight,200,OK,Thread Group -100 1-73,text,true,,224,463,100,146,http://localhost:9000/booking/api/booking/692d7540196ea5545b332bcb,504,0,0
1764623317763,605,Post Book a flight,200,OK,Thread Group -100 1-10,text,true,,224,463,100,146,http://localhost:9000/booking/api/booking/692d7540196ea5545b332bcb,605,0,0
1764623318006,364,Post Book a flight,200,OK,Thread Group -100 1-15,text,true,,224,463,100,146,http://localhost:9000/booking/api/booking/692d7540196ea5545b332bcb,363,0,0
1764623317933,439,Post Book a flight,200,OK,Thread Group -100 1-89,text,true,,224,463,100,146,http://localhost:9000/booking/api/booking/692d7540196ea5545b332bcb,439,0,0
1764623318220,152,Post Book a flight,200,OK,Thread Group -100 1-84,text,true,,224,463,100,146,http://localhost:9000/booking/api/booking/692d7540196ea5545b332bcb,152,0,0
1764623317849,524,Post Book a flight,200,OK,Thread Group -100 1-42,text,true,,224,463,100,146,http://localhost:9000/booking/api/booking/692d7540196ea5545b332bcb,524,0,0
1764623317632,744,Get All Airlines,200,OK,Thread Group -100 1-94,text,true,,2653,208,100,146,http://localhost:9000/flight/api/flight/getAllFlights,385,0,0
1764623317978,399,Post Book a flight,200,OK,Thread Group -100 1-30,text,true,,224,463,100,146,http://localhost:9000/booking/api/booking/692d7540196ea5545b332bcb,399,0,0
1764623317779,602,Get All Airlines,200,OK,Thread Group -100 1-100,text,true,,2653,208,100,146,http://localhost:9000/flight/api/flight/getAllFlights,461,0,0
1764623318299,87,Post Book a flight,200,OK,Thread Group -100 1-72,text,true,,224,463,100,146,http://localhost:9000/booking/api/booking/692d7540196ea5545b332bcb,87,0,0
1764623317875,518,Post Book a flight,200,OK,Thread Group -100 1-37,text,true,,224,463,100,146,http://localhost:9000/booking/api/booking/692d7540196ea5545b332bcb,518,0,0
1764623317549,850,Get All Airlines,200,OK,Thread Group -100 1-78,text,true,,2653,208,100,146,http://localhost:9000/flight/api/flight/getAllFlights,640,0,0
1764623317330,1070,Get All Airlines,200,OK,Thread Group -100 1-4,text,true,,2653,208,100,146,http://localhost:9000/flight/api/flight/getAllFlights,793,0,0
1764623317893,510,Post Book a flight,200,OK,Thread Group -100 1-65,text,true,,224,463,100,146,http://localhost:9000/booking/api/booking/692d7540196ea5545b332bcb,509,0,0
1764623318160,243,Post Book a flight,200,OK,Thread Group -100 1-48,text,true,,224,463,100,146,http://localhost:9000/booking/api/booking/692d7540196ea5545b332bcb,243,0,0
1764623317900,506,Post Book a flight,200,OK,Thread Group -100 1-29,text,true,,224,463,100,146,http://localhost:9000/booking/api/booking/692d7540196ea5545b332bcb,506,0,0
1764623317872,536,Post Book a flight,200,OK,Thread Group -100 1-85,text,true,,224,463,100,146,http://localhost:9000/booking/api/booking/692d7540196ea5545b332bcb,536,0,0
1764623317511,900,Get All Airlines,200,OK,Thread Group -100 1-3,text,true,,2653,208,100,146,http://localhost:9000/flight/api/flight/getAllFlights,867,0,0
1764623317992,422,Post Book a flight,200,OK,Thread Group -100 1-52,text,true,,224,463,100,146,http://localhost:9000/booking/api/booking/692d7540196ea5545b332bcb,422,0,0
1764623318034,385,Post Book a flight,200,OK,Thread Group -100 1-76,text,true,,224,463,100,146,http://localhost:9000/booking/api/booking/692d7540196ea5545b332bcb,385,0,0
1764623318272,149,Post Book a flight,200,OK,Thread Group -100 1-54,text,true,,224,463,100,146,http://localhost:9000/booking/api/booking/692d7540196ea5545b332bcb,149,0,0
1764623318143,282,Post Book a flight,200,OK,Thread Group -100 1-82,text,true,,224,463,100,146,http://localhost:9000/booking/api/booking/692d7540196ea5545b332bcb,282,0,0
1764623318272,157,Post Book a flight,200,OK,Thread Group -100 1-7,text,true,,224,463,100,146,http://localhost:9000/booking/api/booking/692d7540196ea5545b332bcb,157,0,0
1764623318182,249,Post Book a flight,200,OK,Thread Group -100 1-24,text,true,,224,463,100,146,http://localhost:9000/booking/api/booking/692d7540196ea5545b332bcb,249,0,0
1764623318074,362,Post Book a flight,200,OK,Thread Group -100 1-49,text,true,,224,463,100,146,http://localhost:9000/booking/api/booking/692d7540196ea5545b332bcb,361,0,0
1764623317779,632,Del Cancel a booking by pnr,200,OK,Thread Group -100 1-11,text,true,,100,213,100,146,http://localhost:9000/booking/api/booking/cancel/FB7A59,632,0,0
1764623317940,500,Post Book a flight,200,OK,Thread Group -100 1-71,text,true,,224,463,100,146,http://localhost:9000/booking/api/booking/692d7540196ea5545b332bcb,500,0,0
1764623317552,889,Get All Airlines,200,OK,Thread Group -100 1-63,text,true,,2653,208,100,146,http://localhost:9000/flight/api/flight/getAllFlights,682,0,0
1764623318218,232,Post Book a flight,200,OK,Thread Group -100 1-22,text,true,,224,463,100,146,http://localhost:9000/booking/api/booking/692d7540196ea5545b332bcb,232,0,0
1764623317588,862,Get All Airlines,200,OK,Thread Group -100 1-95,text,true,,2653,208,100,146,http://localhost:9000/flight/api/flight/getAllFlights,806,0,0
1764623317872,584,Post Book a flight,200,OK,Thread Group -100 1-53,text,true,,224,463,100,146,http://localhost:9000/booking/api/booking/692d7540196ea5545b332bcb,584,0,0
1764623317844,625,Post Book a flight,200,OK,Thread Group -100 1-62,text,true,,224,463,100,145,http://localhost:9000/booking/api/booking/692d7540196ea5545b332bcb,625,0,0
1764623318055,416,Post Book a flight,200,OK,Thread Group -100 1-57,text,true,,224,463,100,145,http://localhost:9000/booking/api/booking/692d7540196ea5545b332bcb,413,0,0
1764623318174,316,Post Book a flight,200,OK,Thread Group -100 1-38,text,true,,224,463,100,145,http://localhost:9000/booking/api/booking/692d7540196ea5545b332bcb,315,0,0
1764623318273,220,Post Book a flight,200,OK,Thread Group -100 1-1,text,true,,224,463,100,145,http://localhost:9000/booking/api/booking/692d7540196ea5545b332bcb,219,0,0
1764623318019,475,Post Book a flight,200,OK,Thread Group -100 1-9,text,true,,224,463,100,145,http://localhost:9000/booking/api/booking/692d7540196ea5545b332bcb,475,0,0
1764623318198,299,Post Book a flight,200,OK,Thread Group -100 1-66,text,true,,224,463,100,144,http://localhost:9000/booking/api/booking/692d7540196ea5545b332bcb,299,0,0
1764623317832,668,Del Cancel a booking by pnr,200,OK,Thread Group -100 1-31,text,true,,100,213,100,144,http://localhost:9000/booking/api/booking/cancel/FB7A59,668,0,0
1764623318141,367,Del Cancel a booking by pnr,200,OK,Thread Group -100 1-87,text,true,,100,213,100,144,http://localhost:9000/booking/api/booking/cancel/FB7A59,367,0,0
1764623318062,447,Post Book a flight,200,OK,Thread Group -100 1-68,text,true,,224,463,100,144,http://localhost:9000/booking/api/booking/692d7540196ea5545b332bcb,447,0,0
1764623318184,328,Post Book a flight,200,OK,Thread Group -100 1-50,text,true,,224,463,100,144,http://localhost:9000/booking/api/booking/692d7540196ea5545b332bcb,328,0,0
1764623317435,1078,Get All Airlines,200,OK,Thread Group -100 1-19,text,true,,2653,208,100,144,http://localhost:9000/flight/api/flight/getAllFlights,863,0,0
1764623318260,255,Post Book a flight,200,OK,Thread Group -100 1-14,text,true,,224,463,100,144,http://localhost:9000/booking/api/booking/692d7540196ea5545b332bcb,254,0,0
1764623317754,763,Get All Airlines,200,OK,Thread Group -100 1-90,text,true,,2653,208,100,144,http://localhost:9000/flight/api/flight/getAllFlights,734,0,0
1764623317580,944,Get All Airlines,200,OK,Thread Group -100 1-18,text,true,,2653,208,100,144,http://localhost:9000/flight/api/flight/getAllFlights,831,0,0
1764623318134,393,Post Book a flight,200,OK,Thread Group -100 1-61,text,true,,224,463,100,143,http://localhost:9000/booking/api/booking/692d7540196ea5545b332bcb,393,0,0
1764623318267,262,Post Book a flight,200,OK,Thread Group -100 1-39,text,true,,224,463,100,143,http://localhost:9000/booking/api/booking/692d7540196ea5545b332bcb,262,0,0
1764623318197,343,Post Book a flight,200,OK,Thread Group -100 1-69,text,true,,224,463,100,142,http://localhost:9000/booking/api/booking/692d7540196ea5545b332bcb,343,0,0
1764623318265,275,Del Cancel a booking by pnr,200,OK,Thread Group -100 1-8,text,true,,100,213,100,142,http://localhost:9000/booking/api/booking/cancel/FB7A59,275,0,0
1764623318210,333,Post Book a flight,200,OK,Thread Group -100 1-80,text,true,,224,463,100,142,http://localhost:9000/booking/api/booking/692d7540196ea5545b332bcb,333,0,0
1764623317880,664,Post Book a flight,200,OK,Thread Group -100 1-59,text,true,,224,463,100,142,http://localhost:9000/booking/api/booking/692d7540196ea5545b332bcb,664,0,0
1764623317830,738,Post Book a flight,200,OK,Thread Group -100 1-21,text,true,,224,463,100,141,http://localhost:9000/booking/api/booking/692d7540196ea5545b332bcb,738,0,0
1764623318186,389,Del Cancel a booking by pnr,200,OK,Thread Group -100 1-45,text,true,,100,213,100,141,http://localhost:9000/booking/api/booking/cancel/FB7A59,389,0,0
1764623318303,279,Del Cancel a booking by pnr,200,OK,Thread Group -100 1-35,text,true,,100,213,100,141,http://localhost:9000/booking/api/booking/cancel/FB7A59,279,0,0
1764623318317,268,Post Book a flight,200,OK,Thread Group -100 1-86,text,true,,224,463,100,141,http://localhost:9000/booking/api/booking/692d7540196ea5545b332bcb,267,0,0
1764623318221,368,Post Book a flight,200,OK,Thread Group -100 1-46,text,true,,224,463,100,141,http://localhost:9000/booking/api/booking/692d7540196ea5545b332bcb,367,0,0
1764623317944,646,Post Book a flight,200,OK,Thread Group -100 1-99,text,true,,224,463,100,141,http://localhost:9000/booking/api/booking/692d7540196ea5545b332bcb,645,0,0
1764623318286,310,Del Cancel a booking by pnr,200,OK,Thread Group -100 1-55,text,true,,100,213,100,141,http://localhost:9000/booking/api/booking/cancel/FB7A59,310,0,0
1764623317946,651,Post Book a flight,200,OK,Thread Group -100 1-12,text,true,,224,463,100,140,http://localhost:9000/booking/api/booking/692d7540196ea5545b332bcb,650,0,0
1764623317887,714,Post Book a flight,200,OK,Thread Group -100 1-28,text,true,,224,463,100,140,http://localhost:9000/booking/api/booking/692d7540196ea5545b332bcb,714,0,0
1764623318146,460,Del Cancel a booking by pnr,200,OK,Thread Group -100 1-70,text,true,,100,213,100,140,http://localhost:9000/booking/api/booking/cancel/FB7A59,460,0,0
1764623318286,327,Del Cancel a booking by pnr,200,OK,Thread Group -100 1-88,text,true,,100,213,100,140,http://localhost:9000/booking/api/booking/cancel/FB7A59,327,0,0
1764623318178,443,Post Book a flight,200,OK,Thread Group -100 1-91,text,true,,224,463,100,140,http://localhost:9000/booking/api/booking/692d7540196ea5545b332bcb,443,0,0
1764623318163,464,Del Cancel a booking by pnr,200,OK,Thread Group -100 1-17,text,true,,100,213,100,139,http://localhost:9000/booking/api/booking/cancel/FB7A59,464,0,0
1764623318234,395,Post Book a flight,200,OK,Thread Group -100 1-51,text,true,,224,463,100,138,http://localhost:9000/booking/api/booking/692d7540196ea5545b332bcb,395,0,0
1764623318274,356,Post Book a flight,200,OK,Thread Group -100 1-13,text,true,,224,463,100,138,http://localhost:9000/booking/api/booking/692d7540196ea5545b332bcb,356,0,0
1764623318225,407,Del Cancel a booking by pnr,200,OK,Thread Group -100 1-34,text,true,,100,213,100,138,http://localhost:9000/booking/api/booking/cancel/FB7A59,407,0,0
1764623318245,400,Post Book a flight,200,OK,Thread Group -100 1-67,text,true,,224,463,100,137,http://localhost:9000/booking/api/booking/692d7540196ea5545b332bcb,400,0,0
1764623318186,461,Post Book a flight,200,OK,Thread Group -100 1-44,text,true,,224,463,100,137,http://localhost:9000/booking/api/booking/692d7540196ea5545b332bcb,461,0,0
1764623318192,457,Del Cancel a booking by pnr,200,OK,Thread Group -100 1-16,text,true,,100,213,100,137,http://localhost:9000/booking/api/booking/cancel/FB7A59,457,0,0
1764623318288,362,Del Cancel a booking by pnr,200,OK,Thread Group -100 1-6,text,true,,100,213,100,137,http://localhost:9000/booking/api/booking/cancel/FB7A59,362,0,0
1764623318304,352,Post Book a flight,200,OK,Thread Group -100 1-98,text,true,,224,463,100,137,http://localhost:9000/booking/api/booking/692d7540196ea5545b332bcb,351,0,0
1764623318071,595,Post Book a flight,200,OK,Thread Group -100 1-33,text,true,,224,463,100,136,http://localhost:9000/booking/api/booking/692d7540196ea5545b332bcb,595,0,0
1764623318113,560,Del Cancel a booking by pnr,200,OK,Thread Group -100 1-74,text,true,,100,213,100,136,http://localhost:9000/booking/api/booking/cancel/FB7A59,560,0,0
1764623318300,379,Del Cancel a booking by pnr,200,OK,Thread Group -100 1-81,text,true,,100,213,100,135,http://localhost:9000/booking/api/booking/cancel/FB7A59,378,0,0
1764623318305,396,Del Cancel a booking by pnr,200,OK,Thread Group -100 1-36,text,true,,100,213,100,131,http://localhost:9000/booking/api/booking/cancel/FB7A59,396,0,0
1764623318847,59,Del Cancel a booking by pnr,200,OK,Thread Group -100 1-98,text,true,,100,213,90,91,http://localhost:9000/booking/api/booking/cancel/FB7A59,59,0,0
1764623318847,69,Del Cancel a booking by pnr,200,OK,Thread Group -100 1-33,text,true,,100,213,90,90,http://localhost:9000/booking/api/booking/cancel/FB7A59,69,0,0
1764623318849,73,Del Cancel a booking by pnr,200,OK,Thread Group -100 1-44,text,true,,100,213,90,90,http://localhost:9000/booking/api/booking/cancel/FB7A59,73,0,0
1764623318853,77,Del Cancel a booking by pnr,200,OK,Thread Group -100 1-67,text,true,,100,213,89,89,http://localhost:9000/booking/api/booking/cancel/FB7A59,76,0,0
1764623318858,79,Del Cancel a booking by pnr,200,OK,Thread Group -100 1-13,text,true,,100,213,88,88,http://localhost:9000/booking/api/booking/cancel/FB7A59,79,0,0
1764623318891,50,Del Cancel a booking by pnr,200,OK,Thread Group -100 1-99,text,true,,100,213,87,87,http://localhost:9000/booking/api/booking/cancel/FB7A59,48,0,0
1764623318877,70,Del Cancel a booking by pnr,200,OK,Thread Group -100 1-28,text,true,,100,213,87,87,http://localhost:9000/booking/api/booking/cancel/FB7A59,70,0,0
1764623318873,78,Del Cancel a booking by pnr,200,OK,Thread Group -100 1-91,text,true,,100,213,86,86,http://localhost:9000/booking/api/booking/cancel/FB7A59,78,0,0
1764623318862,93,Del Cancel a booking by pnr,200,OK,Thread Group -100 1-51,text,true,,100,213,86,86,http://localhost:9000/booking/api/booking/cancel/FB7A59,93,0,0
1764623318884,75,Del Cancel a booking by pnr,200,OK,Thread Group -100 1-12,text,true,,100,213,85,85,http://localhost:9000/booking/api/booking/cancel/FB7A59,74,0,0
1764623318894,77,Del Cancel a booking by pnr,200,OK,Thread Group -100 1-46,text,true,,100,213,84,84,http://localhost:9000/booking/api/booking/cancel/FB7A59,77,0,0
1764623318940,43,Post Book a flight,200,OK,Thread Group -100 1-47,text,true,,224,463,80,80,http://localhost:9000/booking/api/booking/692d7540196ea5545b332bcb,43,0,0
1764623318904,92,Del Cancel a booking by pnr,200,OK,Thread Group -100 1-86,text,true,,100,213,74,74,http://localhost:9000/booking/api/booking/cancel/FB7A59,92,0,0
1764623318921,106,Del Cancel a booking by pnr,200,OK,Thread Group -100 1-80,text,true,,100,213,73,73,http://localhost:9000/booking/api/booking/cancel/FB7A59,106,0,0
1764623318975,69,Post Book a flight,200,OK,Thread Group -100 1-90,text,true,,224,463,73,73,http://localhost:9000/booking/api/booking/692d7540196ea5545b332bcb,69,0,0
1764623318915,130,Del Cancel a booking by pnr,200,OK,Thread Group -100 1-59,text,true,,100,213,73,73,http://localhost:9000/booking/api/booking/cancel/FB7A59,130,0,0
1764623319016,46,Post Book a flight,200,OK,Thread Group -100 1-58,text,true,,224,463,70,70,http://localhost:9000/booking/api/booking/692d7540196ea5545b332bcb,46,0,0
1764623318941,141,Del Cancel a booking by pnr,200,OK,Thread Group -100 1-39,text,true,,100,213,70,70,http://localhost:9000/booking/api/booking/cancel/FB7A59,141,0,0
1764623319000,85,Del Cancel a booking by pnr,200,OK,Thread Group -100 1-38,text,true,,100,213,70,70,http://localhost:9000/booking/api/booking/cancel/FB7A59,85,0,0
1764623318912,179,Del Cancel a booking by pnr,200,OK,Thread Group -100 1-21,text,true,,100,213,70,70,http://localhost:9000/booking/api/booking/cancel/FB7A59,179,0,0
1764623318950,143,Del Cancel a booking by pnr,200,OK,Thread Group -100 1-61,text,true,,100,213,70,70,http://localhost:9000/booking/api/booking/cancel/FB7A59,143,0,0
1764623318978,112,Del Cancel a booking by pnr,200,OK,Thread Group -100 1-50,text,true,,100,213,70,70,http://localhost:9000/booking/api/booking/cancel/FB7A59,112,0,0
1764623318979,132,Post Book a flight,200,OK,Thread Group -100 1-18,text,true,,224,463,68,68,http://localhost:9000/booking/api/booking/692d7540196ea5545b332bcb,132,0,0
1764623319019,94,Post Book a flight,200,OK,Thread Group -100 1-56,text,true,,224,463,67,67,http://localhost:9000/booking/api/booking/692d7540196ea5545b332bcb,94,0,0
1764623318977,136,Del Cancel a booking by pnr,200,OK,Thread Group -100 1-68,text,true,,100,213,67,67,http://localhost:9000/booking/api/booking/cancel/FB7A59,136,0,0
1764623319009,111,Del Cancel a booking by pnr,200,OK,Thread Group -100 1-57,text,true,,100,213,65,65,http://localhost:9000/booking/api/booking/cancel/FB7A59,111,0,0
1764623318996,124,Del Cancel a booking by pnr,200,OK,Thread Group -100 1-66,text,true,,100,213,65,65,http://localhost:9000/booking/api/booking/cancel/FB7A59,124,0,0
1764623319013,108,Post Book a flight,200,OK,Thread Group -100 1-19,text,true,,224,463,65,65,http://localhost:9000/booking/api/booking/692d7540196ea5545b332bcb,108,0,0
1764623318933,191,Del Cancel a booking by pnr,200,OK,Thread Group -100 1-69,text,true,,100,213,65,65,http://localhost:9000/booking/api/booking/cancel/FB7A59,191,0,0
1764623318950,183,Del Cancel a booking by pnr,200,OK,Thread Group -100 1-14,text,true,,100,213,65,65,http://localhost:9000/booking/api/booking/cancel/FB7A59,183,0,0
1764623319015,124,Del Cancel a booking by pnr,200,OK,Thread Group -100 1-53,text,true,,100,213,65,65,http://localhost:9000/booking/api/booking/cancel/FB7A59,123,0,0
1764623319102,34,Post Book a flight,200,OK,Thread Group -100 1-95,text,true,,224,463,65,65,http://localhost:9000/booking/api/booking/692d7540196ea5545b332bcb,34,0,0
1764623318998,144,Del Cancel a booking by pnr,200,OK,Thread Group -100 1-1,text,true,,100,213,65,65,http://localhost:9000/booking/api/booking/cancel/FB7A59,143,0,0
1764623319025,118,Del Cancel a booking by pnr,200,OK,Thread Group -100 1-22,text,true,,100,213,65,65,http://localhost:9000/booking/api/booking/cancel/FB7A59,116,0,0
1764623319045,101,Del Cancel a booking by pnr,200,OK,Thread Group -100 1-90,text,true,,100,213,65,65,http://localhost:9000/booking/api/booking/cancel/FB7A59,101,0,0
1764623319085,64,Del Cancel a booking by pnr,200,OK,Thread Group -100 1-82,text,true,,100,213,65,65,http://localhost:9000/booking/api/booking/cancel/FB7A59,64,0,0
1764623318994,156,Del Cancel a booking by pnr,200,OK,Thread Group -100 1-9,text,true,,100,213,65,65,http://localhost:9000/booking/api/booking/cancel/FB7A59,156,0,0
1764623319010,139,Del Cancel a booking by pnr,200,OK,Thread Group -100 1-62,text,true,,100,213,65,65,http://localhost:9000/booking/api/booking/cancel/FB7A59,139,0,0
1764623319073,79,Del Cancel a booking by pnr,200,OK,Thread Group -100 1-24,text,true,,100,213,65,65,http://localhost:9000/booking/api/booking/cancel/FB7A59,79,0,0
1764623319044,108,Del Cancel a booking by pnr,200,OK,Thread Group -100 1-71,text,true,,100,213,65,65,http://localhost:9000/booking/api/booking/cancel/FB7A59,108,0,0
1764623319078,74,Post Book a flight,200,OK,Thread Group -100 1-20,text,true,,224,463,65,65,http://localhost:9000/booking/api/booking/692d7540196ea5545b332bcb,74,0,0
1764623319101,51,Post Book a flight,200,OK,Thread Group -100 1-63,text,true,,224,463,65,65,http://localhost:9000/booking/api/booking/692d7540196ea5545b332bcb,51,0,0
1764623319096,56,Post Book a flight,200,OK,Thread Group -100 1-77,text,true,,224,463,65,65,http://localhost:9000/booking/api/booking/692d7540196ea5545b332bcb,56,0,0
1764623318984,176,Del Cancel a booking by pnr,200,OK,Thread Group -100 1-47,text,true,,100,213,65,65,http://localhost:9000/booking/api/booking/cancel/FB7A59,176,0,0
1764623319078,87,Del Cancel a booking by pnr,200,OK,Thread Group -100 1-7,text,true,,100,213,65,65,http://localhost:9000/booking/api/booking/cancel/FB7A59,87,0,0
1764623319026,139,Post Book a flight,200,OK,Thread Group -100 1-27,text,true,,224,463,65,65,http://localhost:9000/booking/api/booking/692d7540196ea5545b332bcb,138,0,0
1764623319087,82,Del Cancel a booking by pnr,200,OK,Thread Group -100 1-54,text,true,,100,213,65,65,http://localhost:9000/booking/api/booking/cancel/FB7A59,82,0,0
1764623319063,108,Del Cancel a booking by pnr,200,OK,Thread Group -100 1-58,text,true,,100,213,65,65,http://localhost:9000/booking/api/booking/cancel/FB7A59,108,0,0
1764623319072,100,Del Cancel a booking by pnr,200,OK,Thread Group -100 1-49,text,true,,100,213,65,65,http://localhost:9000/booking/api/booking/cancel/FB7A59,99,0,0
1764623319092,81,Del Cancel a booking by pnr,200,OK,Thread Group -100 1-52,text,true,,100,213,65,65,http://localhost:9000/booking/api/booking/cancel/FB7A59,81,0,0
1764623319098,82,Del Cancel a booking by pnr,200,OK,Thread Group -100 1-76,text,true,,100,213,65,65,http://localhost:9000/booking/api/booking/cancel/FB7A59,82,0,0
1764623319281,20,Post Book a flight,200,OK,Thread Group -100 1-100,text,true,,224,463,65,65,http://localhost:9000/booking/api/booking/692d7540196ea5545b332bcb,19,0,0
1764623319278,24,Post Book a flight,200,OK,Thread Group -100 1-78,text,true,,224,463,65,65,http://localhost:9000/booking/api/booking/692d7540196ea5545b332bcb,24,0,0
1764623319268,47,Del Cancel a booking by pnr,200,OK,Thread Group -100 1-72,text,true,,100,213,65,65,http://localhost:9000/booking/api/booking/cancel/FB7A59,47,0,0
1764623319273,48,Post Book a flight,200,OK,Thread Group -100 1-97,text,true,,224,463,65,65,http://localhost:9000/booking/api/booking/692d7540196ea5545b332bcb,47,0,0
1764623319267,77,Del Cancel a booking by pnr,200,OK,Thread Group -100 1-29,text,true,,100,213,64,64,http://localhost:9000/booking/api/booking/cancel/FB7A59,76,0,0
1764623319321,31,Post Book a flight,200,OK,Thread Group -100 1-94,text,true,,224,463,63,63,http://localhost:9000/booking/api/booking/692d7540196ea5545b332bcb,31,0,0
1764623319303,67,Del Cancel a booking by pnr,200,OK,Thread Group -100 1-78,text,true,,100,213,63,63,http://localhost:9000/booking/api/booking/cancel/FB7A59,67,0,0
1764623319269,108,Del Cancel a booking by pnr,200,OK,Thread Group -100 1-85,text,true,,100,213,63,63,http://localhost:9000/booking/api/booking/cancel/FB7A59,108,0,0
1764623319274,107,Post Book a flight,200,OK,Thread Group -100 1-83,text,true,,224,463,62,62,http://localhost:9000/booking/api/booking/692d7540196ea5545b332bcb,107,0,0
1764623319267,116,Del Cancel a booking by pnr,200,OK,Thread Group -100 1-65,text,true,,100,213,62,62,http://localhost:9000/booking/api/booking/cancel/FB7A59,115,0,0
1764623319286,106,Del Cancel a booking by pnr,200,OK,Thread Group -100 1-89,text,true,,100,213,61,61,http://localhost:9000/booking/api/booking/cancel/FB7A59,105,0,0
1764623319301,102,Del Cancel a booking by pnr,200,OK,Thread Group -100 1-10,text,true,,100,213,60,60,http://localhost:9000/booking/api/booking/cancel/FB7A59,102,0,0
1764623319273,132,Post Book a flight,200,OK,Thread Group -100 1-4,text,true,,224,463,60,60,http://localhost:9000/booking/api/booking/692d7540196ea5545b332bcb,132,0,0
1764623319269,139,Del Cancel a booking by pnr,200,OK,Thread Group -100 1-48,text,true,,100,213,58,58,http://localhost:9000/booking/api/booking/cancel/FB7A59,139,0,0
1764623319277,138,Del Cancel a booking by pnr,200,OK,Thread Group -100 1-30,text,true,,100,213,54,54,http://localhost:9000/booking/api/booking/cancel/FB7A59,138,0,0
1764623319287,130,Del Cancel a booking by pnr,200,OK,Thread Group -100 1-84,text,true,,100,213,53,53,http://localhost:9000/booking/api/booking/cancel/FB7A59,130,0,0
1764623319282,144,Del Cancel a booking by pnr,200,OK,Thread Group -100 1-42,text,true,,100,213,50,50,http://localhost:9000/booking/api/booking/cancel/FB7A59,144,0,0
1764623319302,125,Del Cancel a booking by pnr,200,OK,Thread Group -100 1-100,text,true,,100,213,50,50,http://localhost:9000/booking/api/booking/cancel/FB7A59,124,0,0
1764623319403,25,Post Book a flight,200,OK,Thread Group -100 1-96,text,true,,224,463,50,50,http://localhost:9000/booking/api/booking/692d7540196ea5545b332bcb,25,0,0
1764623319370,75,Post Book a flight,200,OK,Thread Group -100 1-92,text,true,,224,463,47,47,http://localhost:9000/booking/api/booking/692d7540196ea5545b332bcb,75,0,0
1764623319350,98,Post Book a flight,200,OK,Thread Group -100 1-43,text,true,,224,463,47,47,http://localhost:9000/booking/api/booking/692d7540196ea5545b332bcb,98,0,0
1764623319267,189,Del Cancel a booking by pnr,200,OK,Thread Group -100 1-37,text,true,,100,213,41,41,http://localhost:9000/booking/api/booking/cancel/FB7A59,188,0,0
1764623319299,151,Del Cancel a booking by pnr,200,OK,Thread Group -100 1-15,text,true,,100,213,47,47,http://localhost:9000/booking/api/booking/cancel/FB7A59,151,0,0
1764623319379,75,Post Book a flight,200,OK,Thread Group -100 1-26,text,true,,224,463,43,43,http://localhost:9000/booking/api/booking/692d7540196ea5545b332bcb,75,0,0
1764623319337,105,Del Cancel a booking by pnr,200,OK,Thread Group -100 1-25,text,true,,100,213,47,47,http://localhost:9000/booking/api/booking/cancel/FB7A59,104,0,0
1764623319356,97,Del Cancel a booking by pnr,200,OK,Thread Group -100 1-75,text,true,,100,213,45,45,http://localhost:9000/booking/api/booking/cancel/FB7A59,97,0,0
1764623319381,85,Post Book a flight,200,OK,Thread Group -100 1-64,text,true,,224,463,37,37,http://localhost:9000/booking/api/booking/692d7540196ea5545b332bcb,85,0,0
1764623319323,138,Del Cancel a booking by pnr,200,OK,Thread Group -100 1-97,text,true,,100,213,40,40,http://localhost:9000/booking/api/booking/cancel/FB7A59,135,0,0
1764623319394,79,Post Book a flight,200,OK,Thread Group -100 1-32,text,true,,224,463,36,36,http://localhost:9000/booking/api/booking/692d7540196ea5545b332bcb,78,0,0
1764623319353,98,Post Book a flight,200,OK,Thread Group -100 1-5,text,true,,224,463,47,47,http://localhost:9000/booking/api/booking/692d7540196ea5545b332bcb,98,0,0
1764623319289,197,Del Cancel a booking by pnr,200,OK,Thread Group -100 1-73,text,true,,100,213,34,34,http://localhost:9000/booking/api/booking/cancel/FB7A59,197,0,0
1764623319399,87,Post Book a flight,200,OK,Thread Group -100 1-41,text,true,,224,463,34,34,http://localhost:9000/booking/api/booking/692d7540196ea5545b332bcb,87,0,0
1764623319338,160,Post Book a flight,200,OK,Thread Group -100 1-2,text,true,,224,463,29,29,http://localhost:9000/booking/api/booking/692d7540196ea5545b332bcb,160,0,0
1764623319393,104,Del Cancel a booking by pnr,200,OK,Thread Group -100 1-23,text,true,,100,213,29,29,http://localhost:9000/booking/api/booking/cancel/FB7A59,104,0,0
1764623319387,118,Del Cancel a booking by pnr,200,OK,Thread Group -100 1-83,text,true,,100,213,29,29,http://localhost:9000/booking/api/booking/cancel/FB7A59,118,0,0
1764623319322,184,Del Cancel a booking by pnr,200,OK,Thread Group -100 1-60,text,true,,100,213,28,28,http://localhost:9000/booking/api/booking/cancel/FB7A59,184,0,0
1764623319448,61,Del Cancel a booking by pnr,200,OK,Thread Group -100 1-20,text,true,,100,213,27,27,http://localhost:9000/booking/api/booking/cancel/FB7A59,61,0,0
1764623319353,159,Del Cancel a booking by pnr,200,OK,Thread Group -100 1-94,text,true,,100,213,26,26,http://localhost:9000/booking/api/booking/cancel/FB7A59,159,0,0
1764623319408,106,Post Book a flight,200,OK,Thread Group -100 1-79,text,true,,224,463,26,26,http://localhost:9000/booking/api/booking/692d7540196ea5545b332bcb,106,0,0
1764623319384,145,Post Book a flight,200,OK,Thread Group -100 1-93,text,true,,224,463,22,22,http://localhost:9000/booking/api/booking/692d7540196ea5545b332bcb,135,0,0
1764623319407,124,Del Cancel a booking by pnr,200,OK,Thread Group -100 1-4,text,true,,100,213,22,22,http://localhost:9000/booking/api/booking/cancel/FB7A59,123,0,0
1764623319442,89,Del Cancel a booking by pnr,200,OK,Thread Group -100 1-77,text,true,,100,213,22,22,http://localhost:9000/booking/api/booking/cancel/FB7A59,89,0,0
1764623319467,69,Del Cancel a booking by pnr,200,OK,Thread Group -100 1-95,text,true,,100,213,21,21,http://localhost:9000/booking/api/booking/cancel/FB7A59,69,0,0
1764623319430,107,Del Cancel a booking by pnr,200,OK,Thread Group -100 1-96,text,true,,100,213,20,20,http://localhost:9000/booking/api/booking/cancel/FB7A59,107,0,0
1764623319447,100,Del Cancel a booking by pnr,200,OK,Thread Group -100 1-92,text,true,,100,213,20,20,http://localhost:9000/booking/api/booking/cancel/FB7A59,100,0,0
1764623319488,59,Del Cancel a booking by pnr,200,OK,Thread Group -100 1-41,text,true,,100,213,20,20,http://localhost:9000/booking/api/booking/cancel/FB7A59,59,0,0
1764623319460,78,Del Cancel a booking by pnr,200,OK,Thread Group -100 1-26,text,true,,100,213,20,20,http://localhost:9000/booking/api/booking/cancel/FB7A59,78,0,0
1764623319446,99,Del Cancel a booking by pnr,200,OK,Thread Group -100 1-63,text,true,,100,213,20,20,http://localhost:9000/booking/api/booking/cancel/FB7A59,98,0,0
1764623319421,120,Del Cancel a booking by pnr,200,OK,Thread Group -100 1-27,text,true,,100,213,20,20,http://localhost:9000/booking/api/booking/cancel/FB7A59,119,0,0
1764623319456,105,Del Cancel a booking by pnr,200,OK,Thread Group -100 1-43,text,true,,100,213,18,18,http://localhost:9000/booking/api/booking/cancel/FB7A59,105,0,0
1764623319515,65,Del Cancel a booking by pnr,200,OK,Thread Group -100 1-79,text,true,,100,213,11,11,http://localhost:9000/booking/api/booking/cancel/FB7A59,65,0,0
1764623319527,58,Post Book a flight,200,OK,Thread Group -100 1-3,text,true,,224,463,11,11,http://localhost:9000/booking/api/booking/692d7540196ea5545b332bcb,58,0,0
1764623319488,98,Del Cancel a booking by pnr,200,OK,Thread Group -100 1-19,text,true,,100,213,11,11,http://localhost:9000/booking/api/booking/cancel/FB7A59,98,0,0
1764623319507,84,Del Cancel a booking by pnr,200,OK,Thread Group -100 1-56,text,true,,100,213,11,11,http://localhost:9000/booking/api/booking/cancel/FB7A59,84,0,0
1764623319530,61,Del Cancel a booking by pnr,200,OK,Thread Group -100 1-93,text,true,,100,213,10,10,http://localhost:9000/booking/api/booking/cancel/FB7A59,61,0,0
1764623319491,109,Post Book a flight,200,OK,Thread Group -100 1-40,text,true,,224,463,10,10,http://localhost:9000/booking/api/booking/692d7540196ea5545b332bcb,108,0,0
1764623319475,120,Del Cancel a booking by pnr,200,OK,Thread Group -100 1-64,text,true,,100,213,10,10,http://localhost:9000/booking/api/booking/cancel/FB7A59,120,0,0
1764623319511,91,Del Cancel a booking by pnr,200,OK,Thread Group -100 1-18,text,true,,100,213,10,10,http://localhost:9000/booking/api/booking/cancel/FB7A59,91,0,0
1764623319480,124,Del Cancel a booking by pnr,200,OK,Thread Group -100 1-5,text,true,,100,213,10,10,http://localhost:9000/booking/api/booking/cancel/FB7A59,124,0,0
1764623319500,108,Del Cancel a booking by pnr,200,OK,Thread Group -100 1-2,text,true,,100,213,8,8,http://localhost:9000/booking/api/booking/cancel/FB7A59,108,0,0
1764623319474,140,Del Cancel a booking by pnr,200,OK,Thread Group -100 1-32,text,true,,100,213,4,4,http://localhost:9000/booking/api/booking/cancel/FB7A59,140,0,0
1764623319589,57,Del Cancel a booking by pnr,200,OK,Thread Group -100 1-3,text,true,,100,213,2,2,http://localhost:9000/booking/api/booking/cancel/FB7A59,57,0,0
1764623319601,47,Del Cancel a booking by pnr,200,OK,Thread Group -100 1-40,text,true,,100,213,2,2,http://localhost:9000/booking/api/booking/cancel/FB7A59,46,0,0
