timeStamp,elapsed,label,responseCode,responseMessage,threadName,dataType,success,failureMessage,bytes,sentBytes,grpThreads,allThreads,URL,Latency,IdleTime,Connect
1764621514660,108,Get All Flights ,200,OK,Thread Group -20  1-4,text,true,,2658,208,7,7,http://localhost:9000/flight/api/flight/getAllFlights,91,0,39
1764621514660,108,Get All Flights ,200,OK,Thread Group -20  1-3,text,true,,2653,208,7,7,http://localhost:9000/flight/api/flight/getAllFlights,91,0,39
1764621514715,53,Get All Flights ,200,OK,Thread Group -20  1-6,text,true,,2658,208,7,7,http://localhost:9000/flight/api/flight/getAllFlights,36,0,2
1764621514660,108,Get All Flights ,200,OK,Thread Group -20  1-2,text,true,,2653,208,7,7,http://localhost:9000/flight/api/flight/getAllFlights,91,0,39
1764621514660,109,Get All Flights ,200,OK,Thread Group -20  1-1,text,true,,2653,208,7,7,http://localhost:9000/flight/api/flight/getAllFlights,91,0,39
1764621514664,104,Get All Flights ,200,OK,Thread Group -20  1-5,text,true,,2653,208,7,7,http://localhost:9000/flight/api/flight/getAllFlights,87,0,35
1764621514763,33,Get All Flights ,200,OK,Thread Group -20  1-7,text,true,,2653,208,7,7,http://localhost:9000/flight/api/flight/getAllFlights,30,0,2
1764621514778,35,Get All Airlines,200,OK,Thread Group -20  1-3,text,true,,2653,208,8,8,http://localhost:9000/flight/api/flight/getAllFlights,32,0,0
1764621514778,36,Get All Airlines,200,OK,Thread Group -20  1-2,text,true,,2653,208,8,8,http://localhost:9000/flight/api/flight/getAllFlights,31,0,0
1764621514778,43,Get All Airlines,200,OK,Thread Group -20  1-5,text,true,,2659,208,8,8,http://localhost:9000/flight/api/flight/getAllFlights,37,0,0
1764621514778,44,Get All Airlines,200,OK,Thread Group -20  1-6,text,true,,2653,208,8,8,http://localhost:9000/flight/api/flight/getAllFlights,43,0,0
1764621514782,40,Get All Airlines,200,OK,Thread Group -20  1-4,text,true,,2653,208,8,8,http://localhost:9000/flight/api/flight/getAllFlights,38,0,0
1764621514778,43,Get All Airlines,200,OK,Thread Group -20  1-1,text,true,,2653,208,8,8,http://localhost:9000/flight/api/flight/getAllFlights,43,0,0
1764621514817,12,Post Add a flight,Non HTTP response code: java.net.UnknownHostException,Non HTTP response message: locahost: Name or service not known,Thread Group -20  1-2,text,false,,2489,0,8,8,http://locahost:9000/flight/api/flight/airline/inventory/add,0,0,11
1764621514824,5,Post Add a flight,Non HTTP response code: java.net.UnknownHostException,Non HTTP response message: locahost,Thread Group -20  1-4,text,false,,2285,0,8,8,http://locahost:9000/flight/api/flight/airline/inventory/add,0,0,5
1764621514829,2,Post Add a flight,Non HTTP response code: java.net.UnknownHostException,Non HTTP response message: locahost,Thread Group -20  1-1,text,false,,2203,0,8,8,http://locahost:9000/flight/api/flight/airline/inventory/add,0,0,1
1764621514817,12,Post Add a flight,Non HTTP response code: java.net.UnknownHostException,Non HTTP response message: locahost,Thread Group -20  1-3,text,false,,2285,0,8,8,http://locahost:9000/flight/api/flight/airline/inventory/add,0,0,12
1764621514826,3,Post Add a flight,Non HTTP response code: java.net.UnknownHostException,Non HTTP response message: locahost,Thread Group -20  1-6,text,false,,2285,0,8,8,http://locahost:9000/flight/api/flight/airline/inventory/add,0,0,2
1764621514825,4,Post Add a flight,Non HTTP response code: java.net.UnknownHostException,Non HTTP response message: locahost,Thread Group -20  1-5,text,false,,2203,0,8,8,http://locahost:9000/flight/api/flight/airline/inventory/add,0,0,3
1764621514833,2,Post Search a Flight,Non HTTP response code: java.net.UnknownHostException,Non HTTP response message: locahost,Thread Group -20  1-2,text,false,,2203,0,8,8,http://locahost:9000/flight/api/flight/search,0,0,2
1764621514834,2,Post Search a Flight,Non HTTP response code: java.net.UnknownHostException,Non HTTP response message: locahost,Thread Group -20  1-1,text,false,,2203,0,8,8,http://locahost:9000/flight/api/flight/search,0,0,2
1764621514836,1,Post Search a Flight,Non HTTP response code: java.net.UnknownHostException,Non HTTP response message: locahost,Thread Group -20  1-3,text,false,,2203,0,8,8,http://locahost:9000/flight/api/flight/search,0,0,1
1764621514833,7,Post Search a Flight,Non HTTP response code: java.net.UnknownHostException,Non HTTP response message: locahost,Thread Group -20  1-4,text,false,,2203,0,8,8,http://locahost:9000/flight/api/flight/search,0,0,6
1764621514839,2,Post Search a Flight,Non HTTP response code: java.net.UnknownHostException,Non HTTP response message: locahost,Thread Group -20  1-6,text,false,,2203,0,8,8,http://locahost:9000/flight/api/flight/search,0,0,2
1764621514838,5,Post Search a Flight,Non HTTP response code: java.net.UnknownHostException,Non HTTP response message: locahost,Thread Group -20  1-5,text,false,,2203,0,8,8,http://locahost:9000/flight/api/flight/search,0,0,4
1764621514798,60,Get All Airlines,200,OK,Thread Group -20  1-7,text,true,,2658,208,8,8,http://localhost:9000/flight/api/flight/getAllFlights,55,0,0
1764621514863,3,Post Add a flight,Non HTTP response code: java.net.UnknownHostException,Non HTTP response message: locahost,Thread Group -20  1-7,text,false,,2203,0,9,9,http://locahost:9000/flight/api/flight/airline/inventory/add,0,0,2
1764621514838,30,Post Book a flight,200,OK,Thread Group -20  1-1,text,true,,224,463,9,9,http://localhost:9000/booking/api/booking/692d7540196ea5545b332bcb,30,0,0
1764621514841,28,Post Book a flight,200,OK,Thread Group -20  1-3,text,true,,224,463,9,9,http://localhost:9000/booking/api/booking/692d7540196ea5545b332bcb,28,0,0
1764621514822,58,Get All Flights ,200,OK,Thread Group -20  1-8,text,true,,2653,208,9,9,http://localhost:9000/flight/api/flight/getAllFlights,57,0,3
1764621514877,2,Post Search a Flight,Non HTTP response code: java.net.UnknownHostException,Non HTTP response message: locahost,Thread Group -20  1-7,text,false,,2203,0,9,9,http://locahost:9000/flight/api/flight/search,0,0,2
1764621514845,49,Post Book a flight,200,OK,Thread Group -20  1-6,text,true,,224,463,9,9,http://localhost:9000/booking/api/booking/692d7540196ea5545b332bcb,49,0,0
1764621514838,57,Post Book a flight,200,OK,Thread Group -20  1-2,text,true,,224,463,9,9,http://localhost:9000/booking/api/booking/692d7540196ea5545b332bcb,57,0,0
1764621514847,55,Post Book a flight,200,OK,Thread Group -20  1-4,text,true,,224,463,9,9,http://localhost:9000/booking/api/booking/692d7540196ea5545b332bcb,54,0,0
1764621514851,65,Post Book a flight,200,OK,Thread Group -20  1-5,text,true,,224,463,10,10,http://localhost:9000/booking/api/booking/692d7540196ea5545b332bcb,65,0,0
1764621514866,60,Get All Flights ,200,OK,Thread Group -20  1-9,text,true,,2653,208,10,10,http://localhost:9000/flight/api/flight/getAllFlights,56,0,3
1764621514873,56,Del Cancel a booking by pnr,200,OK,Thread Group -20  1-3,text,true,,100,213,10,10,http://localhost:9000/booking/api/booking/cancel/FB7A59,56,0,0
1764621514885,47,Post Book a flight,200,OK,Thread Group -20  1-7,text,true,,224,463,10,10,http://localhost:9000/booking/api/booking/692d7540196ea5545b332bcb,47,0,0
1764621514881,58,Get All Airlines,200,OK,Thread Group -20  1-8,text,true,,2653,208,9,9,http://localhost:9000/flight/api/flight/getAllFlights,57,0,0
1764621514946,2,Post Add a flight,Non HTTP response code: java.net.UnknownHostException,Non HTTP response message: locahost,Thread Group -20  1-8,text,false,,2203,0,9,9,http://locahost:9000/flight/api/flight/airline/inventory/add,0,0,2
1764621514873,77,Del Cancel a booking by pnr,200,OK,Thread Group -20  1-1,text,true,,100,213,9,9,http://localhost:9000/booking/api/booking/cancel/FB7A59,77,0,0
1764621514898,54,Del Cancel a booking by pnr,200,OK,Thread Group -20  1-6,text,true,,100,213,9,9,http://localhost:9000/booking/api/booking/cancel/FB7A59,54,0,0
1764621514950,1,Post Search a Flight,Non HTTP response code: java.net.UnknownHostException,Non HTTP response message: locahost,Thread Group -20  1-8,text,false,,2203,0,9,9,http://locahost:9000/flight/api/flight/search,0,0,1
1764621514923,63,Del Cancel a booking by pnr,200,OK,Thread Group -20  1-5,text,true,,100,213,8,8,http://localhost:9000/booking/api/booking/cancel/FB7A59,62,0,0
1764621514896,91,Del Cancel a booking by pnr,200,OK,Thread Group -20  1-2,text,true,,100,213,8,8,http://localhost:9000/booking/api/booking/cancel/FB7A59,91,0,0
1764621514937,71,Del Cancel a booking by pnr,200,OK,Thread Group -20  1-7,text,true,,100,213,6,6,http://localhost:9000/booking/api/booking/cancel/FB7A59,71,0,0
1764621514953,56,Post Book a flight,200,OK,Thread Group -20  1-8,text,true,,224,463,6,6,http://localhost:9000/booking/api/booking/692d7540196ea5545b332bcb,56,0,0
1764621514903,107,Del Cancel a booking by pnr,200,OK,Thread Group -20  1-4,text,true,,100,213,6,6,http://localhost:9000/booking/api/booking/cancel/FB7A59,107,0,0
1764621514920,96,Get All Flights ,200,OK,Thread Group -20  1-10,text,true,,2653,208,7,7,http://localhost:9000/flight/api/flight/getAllFlights,83,0,6
1764621514928,92,Get All Airlines,200,OK,Thread Group -20  1-9,text,true,,2653,208,5,5,http://localhost:9000/flight/api/flight/getAllFlights,82,0,0
1764621515024,2,Post Add a flight,Non HTTP response code: java.net.UnknownHostException,Non HTTP response message: locahost,Thread Group -20  1-9,text,false,,2203,0,5,5,http://locahost:9000/flight/api/flight/airline/inventory/add,0,0,1
1764621514977,52,Get All Flights ,200,OK,Thread Group -20  1-11,text,true,,2653,208,5,5,http://localhost:9000/flight/api/flight/getAllFlights,47,0,7
1764621515028,3,Post Search a Flight,Non HTTP response code: java.net.UnknownHostException,Non HTTP response message: locahost,Thread Group -20  1-9,text,false,,2203,0,5,5,http://locahost:9000/flight/api/flight/search,0,0,2
1764621515033,24,Post Book a flight,200,OK,Thread Group -20  1-9,text,true,,224,463,5,5,http://localhost:9000/booking/api/booking/692d7540196ea5545b332bcb,24,0,0
1764621515018,49,Get All Airlines,200,OK,Thread Group -20  1-10,text,true,,2653,208,5,5,http://localhost:9000/flight/api/flight/getAllFlights,46,0,0
1764621515010,61,Del Cancel a booking by pnr,200,OK,Thread Group -20  1-8,text,true,,100,213,5,5,http://localhost:9000/booking/api/booking/cancel/FB7A59,60,0,0
1764621515022,55,Get All Flights ,200,OK,Thread Group -20  1-12,text,true,,2653,208,5,5,http://localhost:9000/flight/api/flight/getAllFlights,55,0,6
1764621515075,3,Post Add a flight,Non HTTP response code: java.net.UnknownHostException,Non HTTP response message: locahost,Thread Group -20  1-10,text,false,,2203,0,5,5,http://locahost:9000/flight/api/flight/airline/inventory/add,0,0,3
1764621515030,52,Get All Airlines,200,OK,Thread Group -20  1-11,text,true,,2658,208,5,5,http://localhost:9000/flight/api/flight/getAllFlights,51,0,0
1764621515080,2,Post Search a Flight,Non HTTP response code: java.net.UnknownHostException,Non HTTP response message: locahost,Thread Group -20  1-10,text,false,,2203,0,5,5,http://locahost:9000/flight/api/flight/search,0,0,2
1764621515085,2,Post Add a flight,Non HTTP response code: java.net.UnknownHostException,Non HTTP response message: locahost,Thread Group -20  1-11,text,false,,2203,0,5,5,http://locahost:9000/flight/api/flight/airline/inventory/add,0,0,2
1764621515090,3,Post Search a Flight,Non HTTP response code: java.net.UnknownHostException,Non HTTP response message: locahost,Thread Group -20  1-11,text,false,,2203,0,5,5,http://locahost:9000/flight/api/flight/search,0,0,2
1764621515058,55,Del Cancel a booking by pnr,200,OK,Thread Group -20  1-9,text,true,,100,213,5,5,http://localhost:9000/booking/api/booking/cancel/FB7A59,54,0,0
1764621515079,34,Get All Airlines,200,OK,Thread Group -20  1-12,text,true,,2658,208,5,5,http://localhost:9000/flight/api/flight/getAllFlights,32,0,0
1764621515085,37,Post Book a flight,200,OK,Thread Group -20  1-10,text,true,,224,463,5,5,http://localhost:9000/booking/api/booking/692d7540196ea5545b332bcb,37,0,0
1764621515119,3,Post Add a flight,Non HTTP response code: java.net.UnknownHostException,Non HTTP response message: locahost,Thread Group -20  1-12,text,false,,2203,0,5,5,http://locahost:9000/flight/api/flight/airline/inventory/add,0,0,2
1764621515124,2,Post Search a Flight,Non HTTP response code: java.net.UnknownHostException,Non HTTP response message: locahost,Thread Group -20  1-12,text,false,,2203,0,5,5,http://locahost:9000/flight/api/flight/search,0,0,2
1764621515097,31,Post Book a flight,200,OK,Thread Group -20  1-11,text,true,,224,463,5,5,http://localhost:9000/booking/api/booking/692d7540196ea5545b332bcb,31,0,0
1764621515078,62,Get All Flights ,200,OK,Thread Group -20  1-13,text,true,,2659,208,5,5,http://localhost:9000/flight/api/flight/getAllFlights,58,0,10
1764621515128,28,Post Book a flight,200,OK,Thread Group -20  1-12,text,true,,224,463,5,5,http://localhost:9000/booking/api/booking/692d7540196ea5545b332bcb,28,0,0
1764621515123,41,Del Cancel a booking by pnr,200,OK,Thread Group -20  1-10,text,true,,100,213,6,6,http://localhost:9000/booking/api/booking/cancel/FB7A59,41,0,0
1764621515129,44,Del Cancel a booking by pnr,200,OK,Thread Group -20  1-11,text,true,,100,213,5,5,http://localhost:9000/booking/api/booking/cancel/FB7A59,44,0,0
1764621515123,51,Get All Flights ,200,OK,Thread Group -20  1-14,text,true,,2653,208,5,5,http://localhost:9000/flight/api/flight/getAllFlights,47,0,3
1764621515142,51,Get All Airlines,200,OK,Thread Group -20  1-13,text,true,,2653,208,4,4,http://localhost:9000/flight/api/flight/getAllFlights,50,0,0
1764621515199,2,Post Add a flight,Non HTTP response code: java.net.UnknownHostException,Non HTTP response message: locahost,Thread Group -20  1-13,text,false,,2203,0,4,4,http://locahost:9000/flight/api/flight/airline/inventory/add,0,0,2
1764621515206,1,Post Search a Flight,Non HTTP response code: java.net.UnknownHostException,Non HTTP response message: locahost,Thread Group -20  1-13,text,false,,2203,0,4,4,http://locahost:9000/flight/api/flight/search,0,0,1
1764621515172,37,Get All Flights ,200,OK,Thread Group -20  1-15,text,true,,2658,208,4,4,http://localhost:9000/flight/api/flight/getAllFlights,35,0,3
1764621515159,51,Del Cancel a booking by pnr,200,OK,Thread Group -20  1-12,text,true,,100,213,4,4,http://localhost:9000/booking/api/booking/cancel/FB7A59,50,0,0
1764621515175,41,Get All Airlines,200,OK,Thread Group -20  1-14,text,true,,2653,208,4,4,http://localhost:9000/flight/api/flight/getAllFlights,37,0,0
1764621515220,1,Post Add a flight,Non HTTP response code: java.net.UnknownHostException,Non HTTP response message: locahost,Thread Group -20  1-14,text,false,,2203,0,4,4,http://locahost:9000/flight/api/flight/airline/inventory/add,0,0,1
1764621515223,2,Post Search a Flight,Non HTTP response code: java.net.UnknownHostException,Non HTTP response message: locahost,Thread Group -20  1-14,text,false,,2203,0,4,4,http://locahost:9000/flight/api/flight/search,0,0,2
1764621515210,26,Post Book a flight,200,OK,Thread Group -20  1-13,text,true,,224,463,4,4,http://localhost:9000/booking/api/booking/692d7540196ea5545b332bcb,26,0,0
1764621515210,30,Get All Airlines,200,OK,Thread Group -20  1-15,text,true,,2653,208,4,4,http://localhost:9000/flight/api/flight/getAllFlights,27,0,0
1764621515244,2,Post Add a flight,Non HTTP response code: java.net.UnknownHostException,Non HTTP response message: locahost,Thread Group -20  1-15,text,false,,2203,0,4,4,http://locahost:9000/flight/api/flight/airline/inventory/add,0,0,2
1764621515250,2,Post Search a Flight,Non HTTP response code: java.net.UnknownHostException,Non HTTP response message: locahost,Thread Group -20  1-15,text,false,,2203,0,4,4,http://locahost:9000/flight/api/flight/search,0,0,2
1764621515227,28,Post Book a flight,200,OK,Thread Group -20  1-14,text,true,,224,463,4,4,http://localhost:9000/booking/api/booking/692d7540196ea5545b332bcb,27,0,0
1764621515222,41,Get All Flights ,200,OK,Thread Group -20  1-16,text,true,,2653,208,5,5,http://localhost:9000/flight/api/flight/getAllFlights,36,0,5
1764621515238,45,Del Cancel a booking by pnr,200,OK,Thread Group -20  1-13,text,true,,100,213,5,5,http://localhost:9000/booking/api/booking/cancel/FB7A59,44,0,0
1764621515253,31,Post Book a flight,200,OK,Thread Group -20  1-15,text,true,,224,463,5,5,http://localhost:9000/booking/api/booking/692d7540196ea5545b332bcb,31,0,0
1764621515257,46,Del Cancel a booking by pnr,200,OK,Thread Group -20  1-14,text,true,,100,213,4,4,http://localhost:9000/booking/api/booking/cancel/FB7A59,46,0,0
1764621515265,40,Get All Airlines,200,OK,Thread Group -20  1-16,text,true,,2653,208,3,3,http://localhost:9000/flight/api/flight/getAllFlights,36,0,0
1764621515309,1,Post Add a flight,Non HTTP response code: java.net.UnknownHostException,Non HTTP response message: locahost,Thread Group -20  1-16,text,false,,2203,0,3,3,http://locahost:9000/flight/api/flight/airline/inventory/add,0,0,1
1764621515266,49,Get All Flights ,200,OK,Thread Group -20  1-17,text,true,,2658,208,4,4,http://localhost:9000/flight/api/flight/getAllFlights,48,0,2
1764621515313,2,Post Search a Flight,Non HTTP response code: java.net.UnknownHostException,Non HTTP response message: locahost,Thread Group -20  1-16,text,false,,2203,0,4,4,http://locahost:9000/flight/api/flight/search,0,0,2
1764621515285,37,Del Cancel a booking by pnr,200,OK,Thread Group -20  1-15,text,true,,100,213,4,4,http://localhost:9000/booking/api/booking/cancel/FB7A59,37,0,0
1764621515316,30,Get All Airlines,200,OK,Thread Group -20  1-17,text,true,,2653,208,3,3,http://localhost:9000/flight/api/flight/getAllFlights,30,0,0
1764621515317,34,Post Book a flight,200,OK,Thread Group -20  1-16,text,true,,224,463,3,3,http://localhost:9000/booking/api/booking/692d7540196ea5545b332bcb,33,0,0
1764621515352,1,Post Add a flight,Non HTTP response code: java.net.UnknownHostException,Non HTTP response message: locahost,Thread Group -20  1-17,text,false,,2203,0,3,3,http://locahost:9000/flight/api/flight/airline/inventory/add,0,0,1
1764621515316,40,Get All Flights ,200,OK,Thread Group -20  1-18,text,true,,2658,208,3,3,http://localhost:9000/flight/api/flight/getAllFlights,38,0,2
1764621515354,2,Post Search a Flight,Non HTTP response code: java.net.UnknownHostException,Non HTTP response message: locahost,Thread Group -20  1-17,text,false,,2203,0,3,3,http://locahost:9000/flight/api/flight/search,0,0,2
1764621515357,22,Post Book a flight,200,OK,Thread Group -20  1-17,text,true,,224,463,4,4,http://localhost:9000/booking/api/booking/692d7540196ea5545b332bcb,22,0,0
1764621515352,39,Del Cancel a booking by pnr,200,OK,Thread Group -20  1-16,text,true,,100,213,4,4,http://localhost:9000/booking/api/booking/cancel/FB7A59,39,0,0
1764621515365,35,Get All Flights ,200,OK,Thread Group -20  1-19,text,true,,2653,208,3,3,http://localhost:9000/flight/api/flight/getAllFlights,35,0,2
1764621515357,44,Get All Airlines,200,OK,Thread Group -20  1-18,text,true,,2653,208,3,3,http://localhost:9000/flight/api/flight/getAllFlights,44,0,0
1764621515404,2,Post Add a flight,Non HTTP response code: java.net.UnknownHostException,Non HTTP response message: locahost,Thread Group -20  1-18,text,false,,2203,0,3,3,http://locahost:9000/flight/api/flight/airline/inventory/add,0,0,2
1764621515408,1,Post Search a Flight,Non HTTP response code: java.net.UnknownHostException,Non HTTP response message: locahost,Thread Group -20  1-18,text,false,,2203,0,3,3,http://locahost:9000/flight/api/flight/search,0,0,1
1764621515380,39,Del Cancel a booking by pnr,200,OK,Thread Group -20  1-17,text,true,,100,213,4,4,http://localhost:9000/booking/api/booking/cancel/FB7A59,39,0,0
1764621515411,26,Post Book a flight,200,OK,Thread Group -20  1-18,text,true,,224,463,3,3,http://localhost:9000/booking/api/booking/692d7540196ea5545b332bcb,26,0,0
1764621515401,39,Get All Airlines,200,OK,Thread Group -20  1-19,text,true,,2653,208,3,3,http://localhost:9000/flight/api/flight/getAllFlights,38,0,0
1764621515444,1,Post Add a flight,Non HTTP response code: java.net.UnknownHostException,Non HTTP response message: locahost,Thread Group -20  1-19,text,false,,2203,0,3,3,http://locahost:9000/flight/api/flight/airline/inventory/add,0,0,1
1764621515448,1,Post Search a Flight,Non HTTP response code: java.net.UnknownHostException,Non HTTP response message: locahost,Thread Group -20  1-19,text,false,,2203,0,3,3,http://locahost:9000/flight/api/flight/search,0,0,1
1764621515417,42,Get All Flights ,200,OK,Thread Group -20  1-20,text,true,,2653,208,3,3,http://localhost:9000/flight/api/flight/getAllFlights,42,0,8
1764621515439,37,Del Cancel a booking by pnr,200,OK,Thread Group -20  1-18,text,true,,100,213,3,3,http://localhost:9000/booking/api/booking/cancel/FB7A59,37,0,0
1764621515451,26,Post Book a flight,200,OK,Thread Group -20  1-19,text,true,,224,463,3,3,http://localhost:9000/booking/api/booking/692d7540196ea5545b332bcb,26,0,0
1764621515461,41,Get All Airlines,200,OK,Thread Group -20  1-20,text,true,,2658,208,2,2,http://localhost:9000/flight/api/flight/getAllFlights,40,0,0
1764621515507,3,Post Add a flight,Non HTTP response code: java.net.UnknownHostException,Non HTTP response message: locahost,Thread Group -20  1-20,text,false,,2203,0,2,2,http://locahost:9000/flight/api/flight/airline/inventory/add,0,0,3
1764621515514,2,Post Search a Flight,Non HTTP response code: java.net.UnknownHostException,Non HTTP response message: locahost,Thread Group -20  1-20,text,false,,2203,0,2,2,http://locahost:9000/flight/api/flight/search,0,0,1
1764621515478,55,Del Cancel a booking by pnr,200,OK,Thread Group -20  1-19,text,true,,100,213,2,2,http://localhost:9000/booking/api/booking/cancel/FB7A59,55,0,0
1764621515518,26,Post Book a flight,200,OK,Thread Group -20  1-20,text,true,,224,463,1,1,http://localhost:9000/booking/api/booking/692d7540196ea5545b332bcb,26,0,0
1764621515546,39,Del Cancel a booking by pnr,200,OK,Thread Group -20  1-20,text,true,,100,213,1,1,http://localhost:9000/booking/api/booking/cancel/FB7A59,38,0,0
